Company Name,Symbol
Reliance Industries Limited,RELIANCE.NS
Tata Consultancy Services Limited,TCS.NS
HDFC Bank Limited,HDFCBANK.NS
Infosys Limited,INFY.NS
ICICI Bank Limited,ICICIBANK.NS
Hindustan Unilever Limited,HINDUNILVR.NS
State Bank of India,SBIN.NS
Bajaj Finance Limited,BAJFINANCE.NS
Housing Development Finance Corporation Limited,HDFC.NS
Bharti Airtel Limited,BHARTIARTL.NS
Kotak Mahindra Bank Limited,KOTAKBANK.NS
Wipro Limited,WIPRO.NS
HCL Technologies Limited,HCLTECH.NS
ITC Limited,ITC.NS
Adani Green Energy Limited,ADANIGREEN.NS
Asian Paints Limited,ASIANPAINT.NS
Bajaj Finserv Limited,BAJAJFINSV.NS
Adani Transmission Limited,ADANITRANS.NS
Avenue Supermarts Limited,DMART.NS
Larsen & Toubro Limited,LT.NS
Adani Total Gas Limited,ATGL.NS
Axis Bank Limited,AXISBANK.NS
Maruti Suzuki India Limited,MARUTI.NS
Titan Company Limited,TITAN.NS
Adani Enterprises Limited,ADANIENT.NS
Sun Pharmaceutical Industries Limited,SUNPHARMA.NS
Oil & Natural Gas Corporation Limited,ONGC.NS
UltraTech Cement Limited,ULTRACEMCO.NS
JSW Steel Limited,JSWSTEEL.NS
Adani Ports and Special Economic Zone Limited,ADANIPORTS.NS
Tata Steel Limited,TATASTEEL.NS
Power Grid Corporation of India Limited,POWERGRID.NS
Vedanta Limited,VEDL.NS
Tech Mahindra Limited,TECHM.NS
Tata Motors Limited,TATAMOTORS.NS
Hindustan Zinc Limited,HINDZINC.NS
NTPC Limited,NTPC.NS
Hindalco Industries Limited,HINDALCO.NS
Pidilite Industries Limited,PIDILITIND.NS
Divi's Laboratories Limited,DIVISLAB.NS
HDFC Life Insurance Company Limited,HDFCLIFE.NS
Coal India Limited,COALINDIA.NS
SBI Life Insurance Company Limited,SBILIFE.NS
Indian Oil Corporation Limited,IOC.NS
Grasim Industries Limited,GRASIM.NS
Larsen & Toubro Infotech Limited,LTI.NS
Bajaj Auto Limited,BAJAJ-AUTO.NS
Mahindra & Mahindra Limited,M&M.NS
Dabur India Limited,DABUR.NS
DLF Limited,DLF.NS
SHREE CEMENT LIMITED,SHREECEM.NS
Siemens Limited,SIEMENS.NS
Cipla Limited,CIPLA.NS
SBI Caselecteds and Payment Services Limited,SBICAselected.NS
FSN E-Commerce Ventures Limited,NYKAA.NS
SRF Limited,SRF.NS
Bharat Petroleum Corporation Limited,BPCL.NS
InterGlobe Aviation Limited,INDIGO.NS
Britannia Industries Limited,BRITANNIA.NS
Godrej Consumer Products Limited,GODREJCP.NS
Tata Power Company Limited,TATAPOWER.NS
IndusInd Bank Limited,INDUSINDBK.NS
Havells India Limited,HAVELLS.NS
ICICI Prudential Life Insurance Company Limited,ICICIPRULI.NS
TATA CONSUMER PRODUCTS LIMITED,TATACONSUM.NS
Dr. Reddy's Laboratories Limited,DRREDDY.NS
Adani Power Limited,ADANIPOWER.NS
MindTree Limited,MINDTREE.NS
GAIL (India) Limited,GAIL.NS
Berger Paints (I) Limited,BERGEPAINT.NS
Eicher Motors Limited,EICHERMOT.NS
Adani Wilmar Limited,AWL.NS
ICICI Lombaselected General Insurance Company Limited,ICICIGI.NS
Marico Limited,MARICO.NS
Apollo Hospitals Enterprise Limited,APOLLOHOSP.NS
Zomato Limited,ZOMATO.NS
United Spirits Limited,MCDOWELL-N.NS
MphasiS Limited,MPHASIS.NS
Indian Railway Catering And Tourism Corporation Limited,IRCTC.NS
Indus Towers Limited,INDUSTOWER.NS
Ambuja Cements Limited,AMBUJACEM.NS
Cholamandalam Investment and Finance Company Limited,CHOLAFIN.NS
UPL Limited,UPL.NS
Info Edge (India) Limited,NAUKRI.NS
Bank of Baroda,BANKBARODA.NS
Bajaj Holdings & Investment Limited,BAJAJHLDNG.NS
Tata Elxsi Limited,TATAELXSI.NS
Jindal Steel & Power Limited,JINDALSTEL.NS
Macrotech Developers Limited,LODHA.NS
L&T Technology Services Limited,LTTS.NS
Gland Pharma Limited,GLAND.NS
Muthoot Finance Limited,MUTHOOTFIN.NS
Piramal Enterprises Limited,PEL.NS
Bharat Electronics Limited,BEL.NS
JSW Energy Limited,JSWENERGY.NS
Hindustan Aeronautics Limited,HAL.NS
Bandhan Bank Limited,BANDHANBNK.NS
Page Industries Limited,PAGEIND.NS
NMDC Limited,NMDC.NS
Torrent Pharmaceuticals Limited,TORNTPHARM.NS
Procter & Gamble Hygiene and Health Care Limited,PGHH.NS
Godrej Properties Limited,GODREJPROP.NS
IDBI Bank Limited,IDBI.NS
Hero MotoCorp Limited,HEROMOTOCO.NS
HDFC Asset Management Company Limited,HDFCAMC.NS
ABB India Limited,ABB.NS
Trent Limited,TRENT.NS
Motherson Sumi Systems Limited,MOTHERSUMI.NS
Alkem Laboratories Limited,ALKEM.NS
PI Industries Limited,PIIND.NS
Bosch Limited,BOSCHLTD.NS
Colgate Palmolive (India) Limited,COLPAL.NS
Canara Bank,CANBK.NS
Balkrishna Industries Limited,BALKRISIND.NS
Voltas Limited,VOLTAS.NS
Container Corporation of India Limited,CONCOR.NS
Star Health and Allied Insurance Company Limited,STARHEALTH.NS
Varun Beverages Limited,VBL.NS
Steel Authority of India Limited,SAIL.NS
Astral Limited,ASTRAL.NS
ACC Limited,ACC.NS
Biocon Limited,BIOCON.NS
Sona BLW Precision Forgings Limited,SONACOMS.NS
United Breweries Limited,UBL.NS
AU Small Finance Bank Limited,AUBANK.NS
Aurobindo Pharma Limited,AUROPHARMA.NS
Punjab National Bank,PNB.NS
Hindustan Petroleum Corporation Limited,HINDPETRO.NS
Persistent Systems Limited,PERSISTENT.NS
Zydus Lifesciences Limited,ZYDUSLIFE.NS
Polycab India Limited,POLYCAB.NS
Honeywell Automation India Limited,HONAUT.NS
Tata Communications Limited,TATACOMM.NS
Jubilant Foodworks Limited,JUBLFOOD.NS
Aarti Industries Limited,AARTIIND.NS
Gujarat Gas Limited,GUJGASLTD.NS
Ashok Leyland Limited,ASHOKLEY.NS
Indian Overseas Bank,IOB.NS
One 97 Communications Limited,PAYTM.NS
Oberoi Realty Limited,OBEROIRLTY.NS
Lupin Limited,LUPIN.NS
Max Healthcare Institute Limited,MAXHEALTH.NS
Bharat Forge Limited,BHARATFORG.NS
Tata Teleservices (Maharashtra) Limited,TTML.NS
Linde India Limited,LINDEINDIA.NS
Laurus Labs Limited,LAURUSLABS.NS
The Indian Hotels Company Limited,INDHOTEL.NS
Tube Investments of India Limited,TIINDIA.NS
PB Fintech Limited,POLICYBZR.NS
Cummins India Limited,CUMMINSIND.NS
Oracle Financial Services Software Limited,OFSS.NS
Yes Bank Limited,YESBANK.NS
Shriram Transport Finance Company Limited,SRTRANSFIN.NS
Deepak Nitrite Limited,DEEPAKNTR.NS
Atul Limited,ATUL.NS
Schaeffler India Limited,SCHAEFFLER.NS
Gujarat Fluorochemicals Limited,FLUOROCHEM.NS
Power Finance Corporation Limited,PFC.NS
TVS Motor Company Limited,TVSMOTOR.NS
Petronet LNG Limited,PETRONET.NS
Aditya Birla Fashion and Retail Limited,ABFRL.NS
Ruchi Soya Industries Limited,RUCHI.NS
GlaxoSmithKline Pharmaceuticals Limited,GLAXO.NS
Indian Railway Finance Corporation Limited,IRFC.NS
Dalmia Bharat Limited,DALBHARAT.NS
NHPC Limited,NHPC+B1993.NS
Vodafone Idea Limited,IDEA.NS
Zee Entertainment Enterprises Limited,ZEEL.NS
MRF Limited,MRF.NS
Trident Limited,TRIDENT.NS
Coforge Limited,COFORGE.NS
IPCA Laboratories Limited,IPCALAB.NS
Minda Industries Limited,MINDAIND.NS
Relaxo Footwears Limited,RELAXO.NS
Union Bank of India,UNIONBANK.NS
Indraprastha Gas Limited,IGL.NS
Max Financial Services Limited,MFSL.NS
Aditya Birla Capital Limited,ABCAPITAL.NS
Supreme Industries Limited,SUPREMEIND.NS
Oil India Limited,OIL.NS
CG Power and Industrial Solutions Limited,CGPOWER.NS
Dixon Technologies (India) Limited,DIXON.NS
Solar Industries India Limited,SOLARINDS.NS
Bata India Limited,BATAINDIA.NS
Kansai Nerolac Paints Limited,KANSAINER.NS
Tata Chemicals Limited,TATACHEM.NS
IDFC First Bank Limited,IDFCFIRSTB.NS
REC Limited,RECLTD.NS
CRISIL Limited,CRISIL.NS
Syngene International Limited,SYNGENE.NS
Crompton Greaves Consumer Electricals Limited,CROMPTON.NS
Torrent Power Limited,TORNTPOWER.NS
Coromandel International Limited,COROMANDEL.NS
Vedant Fashions Limited,MANYAVAR.NS
Hatsun Agro Product Limited,HATSUN.NS
Thermax Limited,THERMAX.NS
APL Apollo Tubes Limited,APLAPOLLO.NS
Escorts Limited,ESCORTS.NS
Sumitomo Chemical India Limited,SUMICHEM.NS
National Aluminium Company Limited,NATIONALUM.NS
GMR Infrastructure Limited,GMRINFRA.NS
3M India Limited,3MINDIA.NS
Fortis Healthcare Limited,FORTIS.NS
Dr. Lal Path Labs Ltd.,LALPATHLAB.NS
Nippon Life India Asset Management Limited,NAM-INDIA.NS
Sundaram Finance Limited,SUNDARMFIN.NS
K.P.R. Mill Limited,KPRMILL.NS
Clean Science and Technology Limited,CLEAN.NS
Devyani International Limited,DEVYANI.NS
Poonawalla Fincorp Limited,POONAWALLA.NS
Tanla Platforms Limited,TANLA.NS
The Federal Bank  Limited,FEDERALBNK.NS
Rajesh Exports Limited,RAJESHEXPO.NS
Motherson Sumi Wiring India Limited,MSUMI.NS
Aavas Financiers Limited,AAVAS.NS
Navin Fluorine International Limited,NAVINFLUOR.NS
Indian Energy Exchange Limited,IEX.NS
Vinati Organics Limited,VINATIORGA.NS
ICICI Securities Limited,ISEC.NS
General Insurance Corporation of India,GICRE.NS
Whirlpool of India Limited,WHIRLPOOL.NS
L&T Finance Holdings Limited,L&TFH.NS
Grindwell Norton Limited,GRINDWELL.NS
Pfizer Limited,PFIZER.NS
Emami Limited,EMAMILTD.NS
Prestige Estates Projects Limited,PRESTIGE.NS
LIC Housing Finance Limited,LICHSGFIN.NS
Mahindra & Mahindra Financial Services Limited,M&MFIN.NS
The Phoenix Mills Limited,PHOENIXLTD.NS
Sun TV Network Limited,SUNTV.NS
Indian Bank,INDIANB.NS
Sundram Fasteners Limited,SUNDRMFAST.NS
Bank of India,BANKINDIA.NS
JK Cement Limited,JKCEMENT.NS
The New India Assurance Company Limited,NIACL.NS
The Ramco Cements Limited,RAMCOCEM.NS
DCM Shriram Limited,DCMSHRIRAM.NS
Chambal Fertilizers & Chemicals Limited,CHAMBLFERT.NS
SKF India Limited,SKFINDIA.NS
Sanofi India Limited,SANOFI.NS
Bharat Heavy Electricals Limited,BHEL.NS
Brightcom Group Limited,BCG.NS
Sheela Foam Limited,SFL.NS
Aptus Value Housing Finance India Limited,APTUS.NS
Affle (India) Limited,AFFLE.NS
Metro Brands Limited,METROBRAND.NS
KPIT Technologies Limited,KPITTECH.NS
Blue Dart Express Limited,BLUEDART.NS
Kajaria Ceramics Limited,KAJARIACER.NS
Timken India Limited,TIMKEN.NS
Central Bank of India,CENTRALBK.NS
Century Plyboaselecteds (India) Limited,CENTURYPLY.NS
Gillette India Limited,GILLETTE.NS
Suven Pharmaceuticals Limited,SUVENPHAR.NS
Ajanta Pharma Limited,AJANTPHARM.NS
Godrej Industries Limited,GODREJIND.NS
Happiest Minds Technologies Limited,HAPPSTMNDS.NS
Central Depository Services (India) Limited,CDSL.NS
Endurance Technologies Limited,ENDURANCE.NS
Aditya Birla Sun Life AMC Limited,ABSLAMC.NS
AIA Engineering Limited,AIAENG.NS
Narayana Hrudayalaya Ltd.,NH.NS
IRB Infrastructure Developers Limited,IRB.NS
Carborundum Universal Limited,CARBORUNIV.NS
Hitachi Energy India Limited,POWERINDIA.NS
G R Infraprojects Limited,GRINFRA.NS
Iifl Wealth Management Limited,IIFLWAM.NS
Gujarat State Petronet Limited,GSPL.NS
Alkyl Amines Chemicals Limited,ALKYLAMINE.NS
Alembic Pharmaceuticals Limited,APLLTD.NS
ZF Commercial Vehicle Control Systems India Limited,ZFCVINDIA.NS
UCO Bank,UCOBANK.NS
Nuvoco Vistas Corporation Limited,NUVOCO.NS
Natco Pharma Limited,NATCOPHARM.NS
BASF India Limited,BASF.NS
CREDITACCESS GRAMEEN LIMITED,CREDITACC.NS
Indiamart Intermesh Limited,INDIAMART.NS
Gujarat Narmada Valley Fertilizers and Chemicals Limited,GNFC.NS
Exide Industries Limited,EXIDEIND.NS
Motilal Oswal Financial Services Limited,MOTILALOFS.NS
BSE Limited,BSE.NS
Angel One Limited,ANGELONE.NS
Intellect Design Arena Limited,INTELLECT.NS
BIRLASOFT LIMITED,BSOFT.NS
TV18 Broadcast Limited,TV18BselectedCST.NS
KIOCL Limited,KIOCL.NS
UTI Asset Management Company Limited,UTIAMC.NS
Vaselectedhman Textiles Limited,VTL.NS
Alok Industries Limited,ALOKINDS.NS
Glenmark Pharmaceuticals Limited,GLENMARK.NS
Bajaj Electricals Limited,BAJAJELEC.NS
Fine Organic Industries Limited,FINEORG.NS
JB Chemicals & Pharmaceuticals Limited,JBCHEPHARM.NS
Apollo Tyres Limited,APOLLOTYRE.NS
Ratnamani Metals & Tubes Limited,RATNAMANI.NS
Medplus Health Services Limited,MEDPLUS.NS
Brigade Enterprises Limited,BRIGADE.NS
Amber Enterprises India Limited,AMBER.NS
Radico Khaitan Limited,RADICO.NS
PVR Limited,PVR.NS
Cholamandalam Financial Holdings Limited,CHOLAHLDNG.NS
TTK Prestige Limited,TTKPRESTIG.NS
KEI Industries Limited,KEI.NS
Redington (India) Limited,REDINGTON.NS
Computer Age Management Services Limited,CAMS.NS
Bank of Maharashtra,MAHABANK.NS
Krishna Institute of Medical Sciences Limited,KIMS.NS
Hindustan Copper Limited,HINDCOPPER.NS
IIFL Finance Limited,IIFL.NS
HFCL Limited,HFCL.NS
Shriram City Union Finance Limited,SHRIRAMCIT.NS
Capri Global Capital Limited,CGCL.NS
SJVN Limited,SJVN.NS
VIP Industries Limited,VIPIND.NS
Laxmi Organic Industries Limited,LXCHEM.NS
Chemplast Sanmar Limited,CHEMPLASTS.NS
Asahi India Glass Limited,ASAHIINDIA.NS
Metropolis Healthcare Limited,METROPOLIS.NS
Lakshmi Machine Works Limited,LAXMIMACH.NS
Cyient Limited,CYIENT.NS
Jindal Stainless Limited,JSL.NS
Galaxy Surfactants Limited,GALAXYSURF.NS
Blue Star Limited,BLUESTARCO.NS
Bharat Dynamics Limited,BDL.NS
CESC Limited,CESC.NS
Balrampur Chini Mills Limited,BALRAMCHIN.NS
Castrol India Limited,CASTROLIND.NS
Mastek Limited,MASTEK.NS
RHI MAGNESITA INDIA LIMITED,RHIM.NS
Aster DM Healthcare Limited,ASTEselectedM.NS
IDFC Limited,IDFC.NS
Graphite India Limited,GRAPHITE.NS
Quess Corp Limited,QUESS.NS
KEC International Limited,KEC.NS
ROUTE MOBILE LIMITED,ROUTE.NS
EIH Limited,EIHOTEL.NS
Manappuram Finance Limited,MANAPPURAM.NS
Finolex Industries Limited,FINPIPE.NS
Zydus Wellness Limited,ZYDUSWELL.NS
Century Textiles & Industries Limited,CENTURYTEX.NS
City Union Bank Limited,CUB.NS
Sapphire Foods India Limited,SAPPHIRE.NS
Balaji Amines Limited,BALAMINES.NS
Eris Lifesciences Limited,ERIS.NS
V-Guaselected Industries Limited,VGUAselected.NS
Saregama India Limited,SAREGAMA.NS
Shyam Metalics and Energy Limited,SHYAMMETL.NS
Jindal Stainless (Hisar) Limited,JSLHISAR.NS
Amara Raja Batteries Limited,AMARAJABAT.NS
Poly Medicure Limited,POLYMED.NS
Birla Corporation Limited,BIRLACORPN.NS
ITI Limited,ITI.NS
Welspun India Limited,WELSPUNIND.NS
Sterlite Technologies Limited,STLTECH.NS
Network18 Media & Investments Limited,NETWORK18.NS
Elgi Equipments Limited,ELGIEQUIP.NS
Delta Corp Limited,DELTACORP.NS
Allcargo Logistics Limited,ALLCARGO.NS
Firstsource Solutions Limited,FSL.NS
Supreme Petrochem Limited,SUPPETRO.NS
Akzo Nobel India Limited,AKZOINDIA.NS
NLC India Limited,NLCINDIA.NS
Godrej Agrovet Limited,GODREJAGRO.NS
Latent View Analytics Limited,LATENTVIEW.NS
Fertilizers and Chemicals Travancore Limited,FACT.NS
Suzlon Energy Limited,SUZLON.NS
Can Fin Homes Limited,CANFINHOME.NS
NIIT Limited,NIITLTD.NS
Zensar Technologies Limited,ZENSARTECH.NS
Anupam Rasayan India Limited,ANURAS.NS
C.E. Info Systems Limited,MAPMYINDIA.NS
EID Parry India Limited,EIDPARRY.NS
eClerx Services Limited,ECLERX.NS
KNR Constructions Limited,KNRCON.NS
V-Mart Retail Limited,VMART.NS
Sun Pharma Advanced Research Company Limited,SPARC.NS
RBL Bank Limited,RBLBANK.NS
Sonata Software Limited,SONATSOFTW.NS
Mahanagar Gas Limited,MGL.NS
Symphony Limited,SYMPHONY.NS
Indigo Paints Limited,INDIGOPNTS.NS
Polyplex Corporation Limited,POLYPLEX.NS
Granules India Limited,GRANULES.NS
Shree Renuka Sugars Limited,RENUKA.NS
BEML Limited,BEML.NS
BOROSIL RENEWABLES LIMITED,BORORENEW.NS
Triveni Engineering & Industries Limited,TRIVENI.NS
Teamlease Services Limited,TEAMLEASE.NS
Easy Trip Planners Limited,EASEMYTRIP.NS
Indiabulls Housing Finance Limited,IBULHSGFIN.NS
Privi Speciality Chemicals Limited,PRIVISCL.NS
Praj Industries Limited,PRAJIND.NS
Mangalore Refinery and Petrochemicals Limited,MRPL.NS
Sundaram Clayton Limited,SUNCLAYLTD.NS
Aegis Logistics Limited,AEGISCHEM.NS
Greenpanel Industries Limited,GREENPANEL.NS
Jubilant Ingrevia Limited,JUBLINGREA.NS
SIS LIMITED,SIS.NS
Prince Pipes And Fittings Limited,PRINCEPIPE.NS
Tata Investment Corporation Limited,TATAINVEST.NS
Rail Vikas Nigam Limited,RVNL.NS
Orient Electric Limited,ORIENTELEC.NS
Deepak Fertilizers and Petrochemicals Corporation Limited,DEEPAKFERT.NS
Home First Finance Company India Limited,HOMEFIRST.NS
Sobha Limited,SOBHA.NS
GMM Pfaudler Limited,GMMPFAUDLR.NS
PNC Infratech Limited,PNCINFRA.NS
Procter & Gamble Health Limited,PGHL.NS
MMTC Limited,MMTC.NS
Lux Industries Limited,LUXIND.NS
Gujarat Alkalies and Chemicals Limited,GUJALKALI.NS
TCI Express Limited,TCIEXP.NS
Housing & Urban Development Corporation Limited,HUDCO.NS
Triveni Turbine Limited,TRITURBINE.NS
NBCC (India) Limited,NBCC.NS
Rain Industries Limited,RAIN.NS
Mahindra CIE Automotive Limited,MAHINDCIE.NS
The India Cements Limited,INDIACEM.NS
INOX Leisure Limited,INOXLEISUR.NS
Cera Sanitaryware Limited,CERA.NS
Gujarat State Fertilizers & Chemicals Limited,GSFC.NS
JM Financial Limited,JMFINANCIL.NS
Equitas Small Finance Bank Limited,EQUITASBNK.NS
Sunteck Realty Limited,SUNTECK.NS
AstraZeneca Pharma India Limited,ASTRAZEN.NS
RattanIndia Enterprises Limited,RTNINDIA.NS
PNB Housing Finance Limited,PNBHOUSING.NS
RITES Limited,RITES.NS
Punjab & Sind Bank,PSB.NS
Chalet Hotels Limited,CHALET.NS
Jubilant Pharmova Limited,JUBLPHARMA.NS
Vaibhav Global Limited,VAIBHAVGBL.NS
EPL Limited,EPL.NS
Mahindra Lifespace Developers Limited,MAHLIFE.NS
Kalyan Jewellers India Limited,KALYANKJIL.NS
Gujarat Mineral Development Corporation Limited,GMDCLTD.NS
Sterling and Wilson Renewable Energy Limited,SWSOLAR.NS
Bombay Burmah Trading Corporation Limited,BBTC.NS
Gujarat Ambuja Exports Limited,GAEL.NS
Just Dial Limited,JUSTDIAL.NS
Garware Technical Fibres Limited,GARFIBRES.NS
Prism Johnson Limited,PRSMJOHNSN.NS
Finolex Cables Limited,FINCABLES.NS
Raymond Limited,RAYMOND.NS
Jindal Worldwide Limited,JINDWORLD.NS
Glenmark Life Sciences Limited,GLS.NS
Avanti Feeds Limited,AVANTIFEED.NS
JK Lakshmi Cement Limited,JKLAKSHMI.NS
Shaselecteda Cropchem Limited,SHAselectedACROP.NS
Edelweiss Financial Services Limited,EDELWEISS.NS
Olectra Greentech Limited,OLECTRA.NS
Go Fashion (India) Limited,GOCOLORS.NS
Kalpataru Power Transmission Limited,KALPATPOWR.NS
Godawari Power And Ispat limited,GPIL.NS
Jyothy Labs Limited,JYOTHYLAB.NS
Mtar Technologies Limited,MTARTECH.NS
Shipping Corporation Of India Limited,SCI.NS
CCL Products (India) Limited,CCL.NS
Nazara Technologies Limited,NAZARA.NS
HEG Limited,HEG.NS
Varroc Engineering Limited,VARROC.NS
Godfrey Phillips India Limited,GODFRYPHLP.NS
GHCL Limited,GHCL.NS
Infibeam Avenues Limited,INFIBEAM.NS
JBM Auto Limited,JBMA.NS
Shoppers Stop Limited,SHOPERSTOP.NS
JK Paper Limited,JKPAPER.NS
Caplin Point Laboratories Limited,CAPLIPOINT.NS
Tatva Chintan Pharma Chem Limited,TATVA.NS
The Great Eastern Shipping Company Limited,GESHIP.NS
Bharat Rasayan Limited,BHARATRAS.NS
Ingersoll Rand (India) Limited,INGERRAND.NS
Lemon Tree Hotels Limited,LEMONTREE.NS
Rossari Biotech Limited,ROSSARI.NS
Craftsman Automation Limited,CRAFTSMAN.NS
Restaurant Brands Asia Limited,RBA.NS
Hikal Limited,HIKAL.NS
Minda Corporation Limited,MINDACORP.NS
Rashtriya Chemicals and Fertilizers Limited,RCF.NS
Barbeque Nation Hospitality Limited,BARBEQUE.NS
Tejas Networks Limited,TEJASNET.NS
Jindal Poly Films Limited,JINDALPOLY.NS
Responsive Industries Limited,RESPONIND.NS
Mazagon Dock Shipbuilders Limited,MAZDOCK.NS
Johnson Controls - Hitachi Air Conditioning India Limited,JCHAC.NS
KRBL Limited,KRBL.NS
Swan Energy Limited,SWANENERGY.NS
Suprajit Engineering Limited,SUPRAJIT.NS
VST Industries Limited,VSTIND.NS
TCNS Clothing Co. Limited,TCNSBRANDS.NS
Jaiprakash Power Ventures Limited,JPPOWER.NS
Esab India Limited,ESABINDIA.NS
Transport Corporation of India Limited,TCI.NS
Rallis India Limited,RALLIS.NS
Indiabulls Real Estate Limited,IBREALEST.NS
Mahindra Holidays & Resorts India Limited,MHRIL.NS
Ksb Limited,KSB.NS
Reliance Power Limited,RPOWER.NS
JSW Holdings Limited,JSWHL.NS
PDS Limited,PDSL.NS
Vijaya Diagnostic Centre Limited,VIJAYA.NS
Greaves Cotton Limited,GREAVESCOT.NS
Globus Spirits Limited,GLOBUSSPR.NS
UFLEX Limited,UFLEX.NS
Greenlam Industries Limited,GREENLAM.NS
MOIL Limited,MOIL.NS
Welspun Corp Limited,WELCORP.NS
VRL Logistics Limited,VRLLOG.NS
Neogen Chemicals Limited,NEOGEN.NS
FDC Limited,FDC.NS
PCBL LIMITED,PCBL.NS
HeidelbergCement India Limited,HEIDELBERG.NS
Hinduja Global Solutions Limited,HGS.NS
IFB Industries Limited,IFBIND.NS
Maharashtra Scooters Limited,MAHSCOOTER.NS
The Tinplate Company of India Limited,TINPLATE.NS
Religare Enterprises Limited,RELIGARE.NS
NOCIL Limited,NOCIL.NS
Thyrocare Technologies Limited,THYROCARE.NS
Usha Martin Limited,USHAMART.NS
ICRA Limited,ICRA.NS
Saselecteda Energy & Minerals Limited,SAselectedAEN.NS
CMS Info Systems Limited,CMSINFO.NS
Tata Coffee Limited,TATACOFFEE.NS
Meghmani Finechem Limited,MFL.NS
Share India Securities Limited,SHAREINDIA.NS
Aarti Drugs Limited,AARTIDRUGS.NS
Supriya Lifescience Limited,SUPRIYA.NS
Jamna Auto Industries Limited,JAMNAAUTO.NS
Dalmia Bharat Sugar and Industries Limited,DALMIASUG.NS
Nesco Limited,NESCO.NS
Man Infraconstruction Limited,MANINFRA.NS
Cochin Shipyaselected Limited,COCHINSHIP.NS
Maithan Alloys Limited,MAITHANALL.NS
La Opala RG Limited,LAOPALA.NS
Wockhaselectedt Limited,WOCKPHARMA.NS
Borosil Limited,BOROLTD.NS
Isgec Heavy Engineering Limited,ISGEC.NS
CEAT Limited,CEATLTD.NS
Arvind Fashions Limited,ARVINDFASN.NS
Healthcare Global Enterprises Limited,HCG.NS
Dhani Services Limited,DHANI.NS
Ircon International Limited,IRCON.NS
Tarsons Products Limited,TARSONS.NS
Karur Vysya Bank Limited,KARURVYSYA.NS
Maharashtra Seamless Limited,MAHSEAMLES.NS
Star Cement Limited,STARCEMENT.NS
Gujarat Pipavav Port Limited,GPPL.NS
Vakrangee Limited,VAKRANGEE.NS
CSB Bank Limited,CSBBANK.NS
Ami Organics Limited,AMIORG.NS
Data Patterns (India) Limited,DATAPATTNS.NS
Equitas Holdings Limited,EQUITAS.NS
H.G. Infra Engineering Limited,HGINFRA.NS
Mahindra Logistics Limited,MAHLOG.NS
Sudarshan Chemical Industries Limited,SUDARSCHEM.NS
Engineers India Limited,ENGINERSIN.NS
Rategain Travel Technologies Limited,RATEGAIN.NS
NCC Limited,NCC.NS
Dhampur Sugar Mills Limited,DHAMPURSUG.NS
Dilip Buildcon Limited,DBL.NS
Sansera Engineering Limited,SANSERA.NS
Rupa & Company Limited,RUPA.NS
Indoco Remedies Limited,INDOCO.NS
Shilpa Medicare Limited,SHILPAMED.NS
Astec LifeSciences Limited,ASTEC.NS
Rolex Rings Limited,ROLEXRINGS.NS
Seamec Limited,SEAMECLTD.NS
Paisalo Digital Limited,PAISALO.NS
Dhanuka Agritech Limited,DHANUKA.NS
Gateway Distriparks Limited,GATEWAY.NS
Bannari Amman Sugars Limited,BANARISUG.NS
Sequent Scientific Limited,SEQUENT.NS
Hemisphere Properties India Limited,HEMIPROP.NS
Newgen Software Technologies Limited,NEWGEN.NS
India Tourism Development Corporation Limited,ITDC.NS
Tata Steel Long Products Limited,TATASTLLP.NS
Kaveri Seed Company Limited,KSCL.NS
Ahluwalia Contracts (India) Limited,AHLUCONT.NS
Advanced Enzyme Technologies Limited,ADVENZYMES.NS
Cosmo Films Limited,COSMOFILMS.NS
Indo Count Industries Limited,ICIL.NS
India Glycols Limited,INDIAGLYCO.NS
Dollar Industries Limited,DOLLAR.NS
Tega Industries Limited,TEGA.NS
Himadri Speciality Chemical Limited,HSCL.NS
Strides Pharma Science Limited,STAR.NS
Mishra Dhatu Nigam Limited,MIDHANI.NS
India Pesticides Limited,IPL.NS
Hathway Cable & Datacom Limited,HATHWAY.NS
Nilkamal Limited,NILKAMAL.NS
Venky's (India) Limited,VENKEYS.NS
The Jammu & Kashmir Bank Limited,J&KBANK.NS
Dish TV India Limited,DISHTV.NS
Arvind Limited,ARVIND.NS
R Systems International Limited,RSYSTEMS.NS
HIL Limited,HIL.NS
Reliance Infrastructure Limited,RELINFRA.NS
MAS Financial Services Limited,MASFIN.NS
Orient Cement Limited,ORIENTCEM.NS
Hindustan Oil Exploration Company Limited,HINDOILEXP.NS
Dishman Carbogen Amcis Limited,DCAL.NS
Sagar Cements Limited,SAGCEM.NS
JK Tyre & Industries Limited,JKTYRE.NS
Jindal Saw Limited,JINDALSAW.NS
RattanIndia Power Limited,RTNPOWER.NS
Action Construction Equipment Limited,ACE.NS
Filatex India Limited,FILATEX.NS
Schneider Electric Infrastructure Limited,SCHNEIDER.NS
TIPS Industries Limited,TIPSINDLTD.NS
Tasty Bite Eatables Limited,TASTYBITE.NS
Somany Ceramics Limited,SOMANYCERA.NS
Optiemus Infracom Limited,OPTIEMUS.NS
Prime Focus Limited,PFOCUS.NS
Techno Electric & Engineering Company Limited,TECHNOE.NS
Thirumalai Chemicals Limited,TIRUMALCHM.NS
SEL Manufacturing Company Limited,SELMC.NS
Railtel Corporation Of India Limited,RAILTEL.NS
Cartrade Tech Limited,CARTRADE.NS
Greenply Industries Limited,GREENPLY.NS
IIFL Securities Limited,IIFLSEC.NS
Dodla Dairy Limited,DODLA.NS
Meghmani Organics Limited,MOL.NS
Somany Home Innovation Limited,SHIL.NS
Rajratan Global Wire Limited,RAJRATAN.NS
IndoStar Capital Finance Limited,INDOSTAR.NS
National Fertilizers Limited,NFL.NS
Gaselecteden Reach Shipbuilders & Engineers Limited,GRSE.NS
Thomas Cook  (India)  Limited,THOMASCOOK.NS
Automotive Axles Limited,AUTOAXLES.NS
Ujjivan Small Finance Bank Limited,UJJIVANSFB.NS
D B Realty Limited,DBREALTY.NS
Everest Kanto Cylinder Limited,EKC.NS
Kiri Industries Limited,KIRIINDUS.NS
Puravankara Limited,PURVA.NS
Steel Strips Wheels Limited,SSWL.NS
Anand Rathi Wealth Limited,ANANDRATHI.NS
Ramkrishna Forgings Limited,RKFORGE.NS
Valiant Organics Limited,VALIANTORG.NS
LT Foods Limited,DAAWAT.NS
Apar Industries Limited,APARINDS.NS
Butterfly Gandhimathi Appliances Limited,BUTTERFLY.NS
Black Box Limited,BBOX.NS
Inox Wind Limited,INOXWIND.NS
Paras Defence and Space Technologies Limited,PARAS.NS
ION Exchange (India) Limited,IONEXCHANG.NS
Tata Metaliks Limited,TATAMETALI.NS
Eveready Industries India Limited,EVEREADY.NS
PTC India Limited,PTC.NS
Jain Irrigation Systems Limited,JISLJALEQS.NS
Heranba Industries Limited,HERANBA.NS
Gufic Biosciences Limited,GUFICBIO.NS
Technocraft Industries (India) Limited,TIIL.NS
BLS International Services Limited,BLS.NS
Bajaj Consumer Care Limited,BAJAJCON.NS
Ashoka Buildcon Limited,ASHOKA.NS
Solara Active Pharma Sciences Limited,SOLARA.NS
Gokaldas Exports Limited,GOKEX.NS
Hindustan Construction Company Limited,HCC.NS
Oriental Aromatics Limited,OAL.NS
Dwarikesh Sugar Industries Limited,DWARKESH.NS
GE T&D India Limited,GET&D.NS
IFCI Limited,IFCI.NS
Amrutanjan Health Care Limited,AMRUTANJAN.NS
Pokarna Limited,POKARNA.NS
Hester Biosciences Limited,HESTERBIO.NS
Mold-Tek Packaging Limited,MOLDTKPAC.NS
Surya Roshni Limited,SURYAROSNI.NS
Kirloskar Brothers Limited,KIRLOSBROS.NS
Indian Metals & Ferro Alloys Limited,IMFA.NS
Shaselecteda Motor Industries Limited,SHAselectedAMOTR.NS
Ganesh Housing Corporation Limited,GANESHHOUC.NS
TV Today Network Limited,TVTODAY.NS
Acrysil Limited,ACRYSIL.NS
West Coast Paper Mills Limited,WSTCSTPAPR.NS
Gravita India Limited,GRAVITA.NS
Safari Industries (India) Limited,SAFARI.NS
Jayaswal Neco Industries Limited,JAYNECOIND.NS
IG Petrochemicals Limited,IGPL.NS
DCB Bank Limited,DCBBANK.NS
Mstc Limited,MSTCLTD.NS
Kolte - Patil Developers Limited,KOLTEPATIL.NS
Subros Limited,SUBROS.NS
Spandana Sphoorty Financial Limited,SPANDANA.NS
Gulf Oil Lubricants India Limited,GULFOILLUB.NS
Bhansali Engineering Polymers Limited,BEPL.NS
STEEL EXCHANGE INDIA LIMITED,STEELXIND.NS
Fino Payments Bank Limited,FINOPB.NS
Vidhi Specialty Food Ingredients Limited,VIDHIING.NS
IOL Chemicals and Pharmaceuticals Limited,IOLCP.NS
V.S.T Tillers Tractors Limited,VSTTILLERS.NS
The Andhra Sugars Limited,ANDHRSUGAR.NS
Vesuvius India Limited,VESUVIUS.NS
Nava Bharat Ventures Limited,NBVENTURES.NS
Agro Tech Foods Limited,ATFL.NS
MM Forgings Limited,MMFL.NS
Jaiprakash Associates Limited,JPASSOCIAT.NS
Bombay Dyeing & Mfg Company Limited,BOMDYEING.NS
S H Kelkar and Company Limited,SHK.NS
GMR Power and Urban Infra Limited,GMRP&UI.NS
Navneet Education Limited,NAVNETEDUL.NS
GATI Limited,GATI.NS
Stove Kraft Limited,STOVEKRAFT.NS
Fineotex Chemical Limited,FCL.NS
Mukand Limited,MUKANDLTD.NS
AVT Natural Products Limited,AVTNPL.NS
Voltamp Transformers Limited,VOLTAMP.NS
Shivalik Bimetal Controls Limited,SBCL.NS
Siyaram Silk Mills Limited,SIYSIL.NS
Fairchem Organics Limited,FAIRCHEMOR.NS
Jai Corp Limited,JAICORPLTD.NS
GTPL Hathway Limited,GTPL.NS
Astra Microwave Products Limited,ASTRAMICRO.NS
Anant Raj Limited,ANANTRAJ.NS
PSP Projects Limited,PSPPROJECT.NS
Tide Water Oil Company (India) Limited,TIDEWATER.NS
Mirza International Limited,MIRZAINT.NS
Balmer Lawrie & Company Limited,BALMLAWRIE.NS
HSIL Limited,HSIL.NS
Vishnu Chemicals Limited,VISHNU.NS
Kirloskar Oil Engines Limited,KIRLOSENG.NS
Apollo Pipes Limited,APOLLOPIPE.NS
Chennai Petroleum Corporation Limited,CHENNPETRO.NS
GTL Infrastructure Limited,GTLINFRA.NS
Pilani Investment and Industries Corporation Limited,PILANIINVS.NS
Manali Petrochemicals Limited,MANALIPETC.NS
Marksans Pharma Limited,MARKSANS.NS
Apcotex Industries Limited,APCOTEXIND.NS
Alembic Limited,ALEMBICLTD.NS
Nahar Spinning Mills Limited,NAHARSPING.NS
Genus Power Infrastructures Limited,GENUSPOWER.NS
Unichem Laboratories Limited,UNICHEMLAB.NS
Ramco Industries Limited,RAMCOIND.NS
Bajaj Hindusthan Sugar Limited,BAJAJHIND.NS
Subex Limited,SUBEXLTD.NS
Jtekt India Limited,JTEKTINDIA.NS
Shankara Building Products Limited,SHANKARA.NS
Genesys International Corporation Limited,GENESYS.NS
Punjab Chemicals & Crop Protection Limited,PUNJABCHEM.NS
Camlin Fine Sciences Limited,CAMLINFINE.NS
Confidence Petroleum India Limited,CONFIPET.NS
Datamatics Global Services Limited,DATAMATICS.NS
Den Networks Limited,DEN.NS
HBL Power Systems Limited,HBLPOWER.NS
InfoBeans Technologies Limited,INFOBEAN.NS
VA Tech Wabag Limited,WABAG.NS
Xpro India Limited,XPROINDIA.NS
Stylam Industries Limited,STYLAMIND.NS
The Karnataka Bank Limited,KTKBANK.NS
Excel Industries Limited,EXCELINDUS.NS
Indo Rama Synthetics (India) Limited,INDORAMA.NS
Expleo Solutions Limited,EXPLEOSOL.NS
INEOS Styrolution India Limited,INEOSSTYRO.NS
Jagran Prakashan Limited,JAGRAN.NS
The Orissa Minerals Development Company Limited,ORISSAMINE.NS
Electrosteel Castings Limited,ELECTCAST.NS
Future Retail Limited,FRETAIL.NS
LG Balakrishnan & Bros Limited,LGBBROSLTD.NS
Kabra Extrusion Technik Limited,KABRAEXTRU.NS
Kitex Garments Limited,KITEX.NS
Mrs. Bectors Food Specialities Limited,BECTORFOOD.NS
Goldiam International Limited,GOLDIAM.NS
Morepen Laboratories Limited,MOREPENLAB.NS
NELCO Limited,NELCO.NS
Renaissance Global Limited,RGL.NS
Gulshan Polyols Limited,GULPOLY.NS
Zen Technologies Limited,ZENTEC.NS
Garware Hi-Tech Films Limited,GRWRHITECH.NS
Prataap Snacks Limited,DIAMONDYD.NS
Elecon Engineering Company Limited,ELECON.NS
Gabriel India Limited,GABRIEL.NS
NACL Industries Limited,NACLIND.NS
Panama Petrochem Limited,PANAMAPET.NS
Mayur Uniquoters Ltd,MAYURUNIQ.NS
Swaraj Engines Limited,SWARAJENG.NS
Ganesha Ecosphere Limited,GANECOS.NS
Pricol Limited,PRICOLLTD.NS
The South Indian Bank Limited,SOUTHBANK.NS
ADF Foods Limited,ADFFOODS.NS
Shriram Pistons & Rings Limited,SHRIPISTON.NS
PG Electroplast Limited,PGEL.NS
RPSG VENTURES LIMITED,RPSGVENT.NS
Sundaram Finance Holdings Limited,SUNDARMHLD.NS
Matrimony.Com Limited,MATRIMONY.NS
Krsnaa Diagnostics Limited,KRSNAA.NS
Kingfa Science & Technology (India) Limited,KINGFA.NS
Max Ventures and Industries Limited,MAXVIL.NS
Kirloskar Industries Limited,KIRLOSIND.NS
JSW Ispat Special Products Limited,JSWISPL.NS
CARE Ratings Limited,CARERATING.NS
D.B.Corp Limited,DBCORP.NS
Cantabil Retail India Limited,CANTABIL.NS
Thangamayil Jewellery Limited,THANGAMAYL.NS
Geojit Financial Services Limited,GEOJITFSL.NS
KCP Limited,KCP.NS
Heritage Foods Limited,HERITGFOOD.NS
DFM Foods Limited,DFMFOODS.NS
Himatsingka Seide Limited,HIMATSEIDE.NS
Federal-Mogul Goetze (India) Limited.,FMGOETZE.NS
New Delhi Television Limited,NDTV.NS
Omaxe Limited,OMAXE.NS
Southern Petrochemicals Industries Corporation  Limited,SPIC.NS
Avadh Sugar & Energy Limited,AVADHSUGAR.NS
Savita Oil Technologies Limited,SOTL.NS
Time Technoplast Limited,TIMETECHNO.NS
Gallantt Ispat Limited,GALLISPAT.NS
Mahanagar Telephone Nigam Limited,MTNL.NS
Jyoti Structures Limited,JYOTISTRUC.NS
Aptech Limited,APTECHT.NS
Ashiana Housing Limited,ASHIANA.NS
Accelya Solutions India Limited,ACCELYA.NS
Shanthi Gears Limited,SHANTIGEAR.NS
Nahar Poly Films Limited,NAHARPOLY.NS
Sasken Technologies Limited,SASKEN.NS
Nureca Limited,NURECA.NS
GOCL Corporation Limited,GOCLCORP.NS
Prakash Industries Limited,PRAKASH.NS
Dynamatic Technologies Limited,DYNAMATECH.NS
NXTDIGITAL LIMITED,NXTDIGITAL.NS
Kopran Limited,KOPRAN.NS
Ambika Cotton Mills Limited,AMBIKCO.NS
JMC Projects (India)  Limited,JMCPROJECT.NS
Shivalik Rasayan Limited,SHIVALIK.NS
Texmaco Rail & Engineering Limited,TEXRAIL.NS
EIH Associated Hotels Limited,EIHAHOTELS.NS
Wonderla Holidays Limited,WONDERLA.NS
Neuland Laboratories Limited,NEULANDLAB.NS
Shriram Properties Limited,SHRIRAMPPS.NS
Sandhar Technologies Limited,SANDHAR.NS
DPSC Limited,DPSCLTD.NS
GM Breweries Limited,GMBREW.NS
Kalyani Steels Limited,KSL.NS
Thejo Engineering Limited,THEJO.NS
Sirca Paints India Limited,SIRCA.NS
Kesoram Industries Limited,KESORAMIND.NS
Nitin Spinners Limited,NITINSPIN.NS
Shalby Limited,SHALBY.NS
J.Kumar Infraprojects Limited,JKIL.NS
Lloyds Steels Industries Limited,LSIL.NS
Precision Camshafts Limited,PRECAM.NS
Honda India Power Products Limited,HONDAPOWER.NS
S.J.S. Enterprises Limited,SJS.NS
63 moons technologies limited,63MOONS.NS
Ujjivan Financial Services Limited,UJJIVAN.NS
Bodal Chemicals Limited,BODALCHEM.NS
Wheels India Limited,WHEELS.NS
KDDL Limited,KDDL.NS
Power Mech Projects Limited,POWERMECH.NS
Kewal Kiran Clothing Limited,KKCL.NS
TVS Srichakra Limited,TVSSRICHAK.NS
Khaitan Chemicals & Fertilizers Limited,KHAICHEM.NS
Ramky Infrastructure Limited,RAMKY.NS
Vindhya Telelinks Limited,VINDHYATEL.NS
Century Enka Limited,CENTENKA.NS
Titagarh Wagons Limited,TWL.NS
Insecticides (India) Limited,INSECTICID.NS
OnMobile Global Limited,ONMOBILE.NS
HMT Limited,HMT.NS
AGS Transact Technologies Limited,AGSTRA.NS
Cigniti Technologies Limited,CIGNITITEC.NS
Nucleus Software Exports Limited,NUCLEUS.NS
Ester Industries Limited,ESTER.NS
Patel Engineering Limited,PATELENG.NS
Fiem Industries Limited,FIEMIND.NS
Suven Life Sciences Limited,SUVEN.NS
Reliance Industrial Infrastructure Limited,RIIL.NS
Ugro Capital Limited,UGROCAP.NS
TTK Healthcare Limited,TTKHLTCARE.NS
Sutlej Textiles and Industries Limited,SUTLEJTEX.NS
ANDHRA PAPER LIMITED,ANDHRAPAP.NS
Ashapura Minechem Limited,ASHAPURMIN.NS
Orchid Pharma Limited,ORCHPHARMA.NS
BF Utilities Limited,BFUTILITIE.NS
Ajmera Realty & Infra India Limited,AJMERA.NS
Tamil Nadu Newsprint & Papers Limited,TNPL.NS
Vaselectedhman Holdings Limited,VHL.NS
Coffee Day Enterprises Limited,COFFEEDAY.NS
Lumax Auto Technologies Limited,LUMAXTECH.NS
Huhtamaki India Limited,HUHTAMAKI.NS
Sastasundar Ventures Limited,SASTASUNDR.NS
Sunflag Iron And Steel Company Limited,SUNFLAG.NS
Oriental Hotels Limited,ORIENTHOT.NS
Igarashi Motors India Limited,IGARASHI.NS
Sangam (India) Limited,SANGAMIND.NS
Everest Industries Limited,EVERESTIND.NS
NRB Bearing Limited,NRBBEARING.NS
Gujarat Industries Power Company Limited,GIPCL.NS
Repco Home Finance Limited,REPCOHOME.NS
Seshasayee Paper and Boaselecteds Limited,SESHAPAPER.NS
Sanghi Industries Limited,SANGHIIND.NS
Welspun Enterprises Limited,WELENT.NS
ITD Cementation India Limited,ITDCEM.NS
TARC Limited,TARC.NS
Centrum Capital Limited,CENTRUM.NS
Rushil Decor Limited,RUSHIL.NS
Bcl Industries Limited,BCLIND.NS
PNB Gilts Limited,PNBGILTS.NS
TD Power Systems Limited,TDPOWERSYS.NS
DCW Limited,DCW.NS
Mangalam Cement Limited,MANGLMCEM.NS
MPS Limited,MPSLTD.NS
Alicon Castalloy Limited,ALICON.NS
Gokul Agro Resources Limited,GOKULAGRO.NS
Clariant Chemicals (India) Limited,CLNINDIA.NS
GNA Axles Limited,GNA.NS
Tilaknagar Industries Limited,TI.NS
Zee Media Corporation Limited,ZEEMEDIA.NS
Pitti Engineering Limited,PITTIENG.NS
Quick Heal Technologies Limited,QUICKHEAL.NS
Tamilnadu PetroProducts Limited,TNPETRO.NS
BF Investment Limited,BFINVEST.NS
Mangalore Chemicals & Fertilizers Limited,MANGCHEFER.NS
Satia Industries Limited,SATIA.NS
GE Power India Limited,GEPIL.NS
Visaka Industries Limited,VISAKAIND.NS
5Paisa Capital Limited,5PAISA.NS
Vadilal Industries Limited,VADILALIND.NS
Wendt (India) Limited,WENDT.NS
K.P.I. Global Infrastructure Limited,KPIGLOBAL.NS
Monte Carlo Fashions Limited,MONTECARLO.NS
PTC India Financial Services Limited,PFS.NS
United Drilling Tools Limited,UNIDT.NS
Shree Digvijay Cement Co.Ltd,SHREDIGCEM.NS
Nahar Capital and Financial Services Limited,NAHARCAP.NS
Emami Paper Mills Limited,EMAMIPAP.NS
Bharat Bijlee Limited,BBL.NS
Chemcon Speciality Chemicals Limited,CHEMCON.NS
Banco Products (I) Limited,BANCOINDIA.NS
PC Jeweller Limited,PCJEWELLER.NS
Bhageria Industries Limited,BHAGERIA.NS
Entertainment Network (India) Limited,ENIL.NS
RSWM Limited,RSWM.NS
India Nippon Electricals Limited,INDNIPPON.NS
Taj GVK Hotels & Resorts Limited,TAJGVK.NS
Cerebra Integrated Technologies Limited,CEREBRAINT.NS
India Motor Parts and Accessories Limited,IMPAL.NS
Saksoft Limited,SAKSOFT.NS
Bajaj Healthcare Limited,BAJAJHCARE.NS
Suryoday Small Finance Bank Limited,SURYODAY.NS
IFGL Refractories Limited,IFGLEXPOR.NS
Uniphos Enterprises Limited,UNIENTER.NS
Automotive Stampings and Assemblies Limited,ASAL.NS
RPG Life Sciences Limited,RPGLIFE.NS
Vaselectedhman Special Steels Limited,VSSL.NS
Parag Milk Foods Limited,PARAGMILK.NS
Pearl Global Industries Limited,PGIL.NS
Orient Green Power Company Limited,GREENPOWER.NS
Nalwa Sons Investments Limited,NSIL.NS
Urja Global Limited,URJA.NS
Future Consumer Limited,FCONSUMER.NS
Panacea Biotec Limited,PANACEABIO.NS
The Dharamsi Morarji Chemical Company Limited,DHARAMSI.NS
Hexa Tradex Limited,HEXATRADEX.NS
Nandan Denim Limited,NDL.NS
Jet Airways (India) Limited,JETAIRWAYS.NS
Xchanging Solutions Limited,XCHANGING.NS
Music Broadcast Limited,RADIOCITY.NS
Agarwal Industrial Corporation Limited,AGARIND.NS
Sigachi Industries Limited,SIGACHI.NS
Madhya Bharat Agro Products Limited,MBAPL.NS
SMC Global Securities Limited,SMCGLOBAL.NS
Foseco India Limited,FOSECOIND.NS
Dredging Corporation of India Limited,DREDGECORP.NS
Precision Wires India Limited,PRECWIRE.NS
S. P. Apparels Limited,SPAL.NS
Apex Frozen Foods Limited,APEX.NS
Arvind SmartSpaces Limited,ARVSMART.NS
Creative Newtech Limited,CREATIVE.NS
GFL Limited,GFLLIMITED.NS
Indian Hume Pipe Company Limited,INDIANHUME.NS
Shree Pushkar Chemicals & Fertilisers Limited,SHREEPUSHK.NS
Themis Medicare Limited,THEMISMED.NS
3i Infotech Limited,3IINFOLTD.NS
Associated Alcohols & Breweries Ltd.,ASALCBR.NS
Shalimar Paints Limited,SHALPAINTS.NS
Ador Welding Limited,ADORWELD.NS
Bhagiradha Chemicals & Industries Limited,BHAGCHEM.NS
Shakti Pumps (India) Limited,SHAKTIPUMP.NS
Arman Financial Services Limited,ARMANFIN.NS
Rane Holdings Limited,RANEHOLDIN.NS
D. P. Abhushan Limited,DPABHUSHAN.NS
Lumax Industries Limited,LUMAXIND.NS
Uttam Sugar Mills Limited,UTTAMSUGAR.NS
Arihant Capital Markets Limited,ARIHANTCAP.NS
Krishana Phoschem Limited,KRISHANA.NS
Jagsonpal Pharmaceuticals Limited,JAGSNPHARM.NS
Shreyas Shipping & Logistics Limited,SHREYAS.NS
Ramco Systems Limited,RAMCOSYS.NS
Sree Rayalaseema Hi-Strength Hypo Limited,SRHHYPOLTD.NS
Kellton Tech Solutions Limited,KELLTONTEC.NS
NCL Industries Limited,NCLIND.NS
Dhunseri Ventures Limited,DVL.NS
DCM Shriram Industries Limited,DCMSRIND.NS
Bliss GVS Pharma Limited,BLISSGVS.NS
Oriental Carbon & Chemicals Limited,OCCL.NS
Madras Fertilizers Limited,MADRASFERT.NS
Sanghvi Movers Limited,SANGHVIMOV.NS
Allsec Technologies Limited,ALLSEC.NS
SMS Pharmaceuticals Limited,SMSPHARMA.NS
Onwaselected Technologies Limited,ONWAselectedTEC.NS
The Anup Engineering Limited,ANUP.NS
Medicamen Biotech Limited,MEDICAMEQ.NS
Inox Wind Energy Limited,IWEL.NS
Deccan Cements Limited,DECCANCE.NS
Nagarjuna Fertilizers and Chemicals Limited,NAGAFERT.NS
HT Media Limited,HTMEDIA.NS
The Ugar Sugar Works Limited,UGARSUGAR.NS
Mangalam Organics Limited,MANORG.NS
Satin Creditcare Network Limited,SATIN.NS
Speciality Restaurants Limited,SPECIALITY.NS
Arshiya Limited,ARSHIYA.NS
Zota Health Care LImited,ZOTA.NS
Jayant Agro Organics Limited,JAYAGROGN.NS
Aurionpro Solutions Limited,AURIONPRO.NS
Capacit'e Infraprojects Limited,CAPACITE.NS
Antony Waste Handling Cell Limited,AWHCL.NS
SEPC Limited,SEPC.NS
Reliance Communications Limited,RCOM.NS
ISMT Limited,ISMTLTD.NS
Orient Bell Limited,ORIENTBELL.NS
Deep Industries Limited,DEEPINDS.NS
Texmaco Infrastructure & Holdings Limited,TEXINFRA.NS
Orient Paper & Industries Limited,ORIENTPPR.NS
Spencer's Retail Limited,SPENCERS.NS
Goodluck India Limited,GOODLUCK.NS
HP Adhesives Limited,HPAL.NS
Balaji Telefilms Limited,BALAJITELE.NS
SML Isuzu Limited,SMLISUZU.NS
Rossell India Limited,ROSSELLIND.NS
DiGiSPICE Technologies Limited,DIGISPICE.NS
GIC Housing Finance Limited,GICHSGFIN.NS
Steelcast Limited,STEELCAS.NS
Jubilant Industries Limited,JUBLINDS.NS
Kuantum Papers Limited,KUANTUM.NS
Vimta Labs Limited,VIMTALABS.NS
Future Lifestyle Fashions Limited,FLFL.NS
Jindal Drilling And Industries Limited,JINDRILL.NS
Kalyani Investment Company Limited,KICL.NS
FCS Software Solutions Limited,FCSSOFT.NS
Yuken India Limited,YUKEN.NS
Dynemic Products Limited,DYNPRO.NS
TCPL Packaging Limited,TCPLPACK.NS
Nahar Industrial Enterprises Limited,NAHARINDUS.NS
Parsvnath Developers Limited,PARSVNATH.NS
Summit Securities Limited,SUMMITSEC.NS
Bigbloc Construction Limited,BIGBLOC.NS
Equippp Social Impact Technologies Limited,EQUIPPP.NS
IFB Agro Industries Limited,IFBAGRO.NS
Ganesh Benzoplast Limited,GANESHBE.NS
Rajnandini Metal Limited,RAJMET.NS
Lincoln Pharmaceuticals Limited,LINCOLN.NS
Kamdhenu Limited,KAMDHENU.NS
Allied Digital Services Limited,ADSL.NS
VLS Finance Limited,VLSFINANCE.NS
Jay Bharat Maruti Limited,JAYBARMARU.NS
HCL Infosystems Limited,HCL-INSYS.NS
Jash Engineering Limited,JASH.NS
Artemis Medicare Services Limited,ARTEMISMED.NS
Salasar Techno Engineering Limited,SALASAR.NS
HLV LIMITED,HLVLTD.NS
Universus Photo Imagings Limited,UNIVPHOTO.NS
B. L. Kashyap and Sons Limited,BLKASHYAP.NS
Monarch Networth Capital Limited,MONARCH.NS
Kanoria Chemicals & Industries Limited,KANORICHEM.NS
BGR Energy Systems Limited,BGRENERGY.NS
Kokuyo Camlin Limited,KOKUYOCMLN.NS
Hi-Tech Pipes Limited,HITECH.NS
Anjani Portland Cement Limited,APCL.NS
Oswal Chemicals & Fertilizers Limited,BINDALAGRO.NS
Control Print Limited,CONTROLPR.NS
The State Trading Corporation of India Limited,STCINDIA.NS
Centum Electronics Limited,CENTUM.NS
KBC Global Limited,KBCGLOBAL.NS
The Investment Trust Of India Limited,THEINVEST.NS
Swelect Energy Systems Limited,SWELECTES.NS
Likhitha Infrastructure Limited,LIKHITHA.NS
Rane (Madras) Limited,RML.NS
Aarti Surfactants Limited,AARTISURF.NS
AYM Syntex Limited,AYMSYNTEX.NS
Zuari Agro Chemicals Limited,ZUARI.NS
Asian Granito India Limited,ASIANTILES.NS
Talbros Automotive Components Limited,TALBROAUTO.NS
SVP GLOBAL TEXTILES LIMITED,SVPGLOB.NS
International Conveyors Limited,INTLCONV.NS
Skipper Limited,SKIPPER.NS
South West Pinnacle Exploration Limited,SOUTHWEST.NS
Shyam Century Ferrous Limited,SHYAMCENT.NS
Man Industries (India) Limited,MANINDS.NS
N. B. I. Industrial Finance Company Limited,NBIFIN.NS
Marathon Nextgen Realty Limited,MARATHON.NS
Beta Drugs Limited,BETA.NS
Tourism Finance Corporation of India Limited,TFCILTD.NS
Suumaya Industries Limited,SUULD.NS
Arihant Superstructures Limited,ARIHANTSUP.NS
Nectar Lifesciences Limited,NECLIFE.NS
The Ruby Mills Limited,RUBYMILLS.NS
Mangalam Global Enterprise Limited,MGEL.NS
Indraprastha Medical Corporation Limited,INDRAMEDCO.NS
Kriti Industries (India) Limited,KRITI.NS
Rama Steel Tubes Limited,RAMASTEEL.NS
Unitech Limited,UNITECH.NS
Zuari Global Limited,ZUARIGLOB.NS
DELPHI WORLD MONEY LIMITED,DELPHIFX.NS
Exxaro Tiles Limited,EXXARO.NS
Mawana Sugars Limited,MAWANASUG.NS
Crest Ventures Limited,CREST.NS
Plastiblends India Limited,PLASTIBLEN.NS
Nelcast Limited,NELCAST.NS
B&B Triplewall Containers Limited,BBTCL.NS
Snowman Logistics Limited,SNOWMAN.NS
Vascon Engineers Limited,VASCONEQ.NS
Kothari Petrochemicals Limited,KOTHARIPET.NS
Chaman Lal Setia Exports Limited,CLSEL.NS
V2 Retail Limited,V2RETAIL.NS
Repro India Limited,REPRO.NS
Bannari Amman Spinning Mills Limited,BASML.NS
MMP Industries Limited,MMP.NS
Menon Bearings Limited,MENONBE.NS
D-Link (India) Limited,DLINKINDIA.NS
The Sandesh Limited,SANDESH.NS
Yaari Digital Integrated Services Limited,YAARI.NS
Oricon Enterprises Limited,ORICONENT.NS
Vikas Lifecare Limited,VIKASLIFE.NS
Vikas Lifecare Limited,VIKASLIFE.NS
Pennar Industries Limited,PENIND.NS
Gallantt Metal Limited,GALLANTT.NS
Sterling Tools Limited,STERTOOLS.NS
Jai Balaji Industries Limited,JAIBALAJI.NS
Manaksia Limited,MANAKSIA.NS
Vinyl Chemicals (India) Limited,VINYLINDIA.NS
Cybertech Systems And Software Limited,CYBERTECH.NS
Navkar Corporation Limited,NAVKARCORP.NS
AXISCADES Technologies Limited,AXISCADES.NS
TVS Electronics Limited,TVSELECT.NS
Goa Carbon Limited,GOACARBON.NS
Rane Brake Lining Limited,RBL.NS
Sarla Performance Fibers Limited,SARLAPOLY.NS
Mallcom (India) Limited,MALLCOM.NS
Birla Cable Limited,BIRLACABLE.NS
Innovana Thinklabs Limited,INNOVANA.NS
Indo Borax & Chemicals Limited,INDOBORAX.NS
Sreeleathers Limited,SREEL.NS
Windlas Biotech Limited,WINDLAS.NS
Kaya Limited,KAYA.NS
Tribhovandas Bhimji Zaveri Limited,TBZ.NS
Sadbhav Engineering Limited,SADBHAV.NS
N R Agarwal Industries Limited,NRAIL.NS
Gandhi Special Tubes Limited,GANDHITUBE.NS
Hindustan Media Ventures Limited,HMVL.NS
Sejal Glass Limited,SEJALLTD.NS
Consolidated Finvest & Holdings Limited,CONSOFINVT.NS
Hercules Hoists Limited,HERCULES.NS
Magadh Sugar & Energy Limited,MAGADSUGAR.NS
D P Wires Limited,DPWIRES.NS
Universal Cables Limited,UNIVCABLES.NS
Rana Sugars Limited,RANASUG.NS
MIRC Electronics Limited,MIRCELECTR.NS
PTL Enterprises Limited,PTL.NS
Ducon Infratechnologies Limited,DUCON.NS
Transformers And Rectifiers (India) Limited,TRIL.NS
Som Distilleries & Breweries Limited,SDBL.NS
Gayatri Projects Limited,GAYAPROJ.NS
Asian Energy Services Limited,ASIANENE.NS
DCM Nouvelle Limited,DCMNVL.NS
Visesh Infotecnics Limited,VISESHINFO.NS
Vaselectedhman Acrylics Limited,VAselectedHACRLC.NS
Bharat Wire Ropes Limited,BHARATWIRE.NS
Andhra Cements Limited,ANDHRACEMT.NS
Take Solutions Limited,TAKE.NS
Muthoot Capital Services Limited,MUTHOOTCAP.NS
Rico Auto Industries Limited,RICOAUTO.NS
Advani Hotels & Resorts (India) Limited,ADVANIHOTR.NS
Foods & Inns Limited,FOODSIN.NS
Reliance Capital Limited,RELCAPITAL.NS
Ksolves India Limited,KSOLVES.NS
Trigyn Technologies Limited,TRIGYN.NS
Linc Limited,LINC.NS
MSP Steel & Power Limited,MSPL.NS
Bombay Super Hybrid Seeds Limited,BSHSL.NS
HPL Electric & Power Limited,HPL.NS
Coastal Corporation Limited,COASTCORP.NS
Munjal Auto Industries Limited,MUNJALAU.NS
Nath Bio-Genes (India) Limited,NATHBIOGEN.NS
Zee Learn Limited,ZEELEARN.NS
Xelpmoc Design And Tech Limited,XELPMOC.NS
The Hi-Tech Gears Limited,HITECHGEAR.NS
Godha Cabcon & Insulation Limited,GODHA.NS
Khadim India Limited,KHADIM.NS
OM INFRA LIMITED,OMINFRAL.NS
Max India Limited,MAXIND.NS
Indo Thai Securities Limited,INDOTHAI.NS
Ind-Swift Laboratories Limited,INDSWFTLAB.NS
Munjal Showa Limited,MUNJALSHOW.NS
Hitech Corporation Limited,HITECHCORP.NS
Commercial Engineers & Body Builders Co Limited,CEBBCO.NS
Hindustan Composites Limited,HINDCOMPOS.NS
Lyka Labs Limited,LYKALABS.NS
UFO Moviez India Limited,UFO.NS
KN Agri Resources Limited,KNAGRI.NS
Jaypee Infratech Limited,JPINFRATEC.NS
Kothari Products Limited,KOTHARIPRO.NS
Dhunseri Investments Limited,DHUNINV.NS
Vishwaraj Sugar Industries Limited,VISHWARAJ.NS
Precot Limited,PRECOT.NS
Megasoft Limited,MEGASOFT.NS
Marine Electricals (India) Limited,MARINE.NS
Ginni Filaments Limited,GINNIFILA.NS
Rudrabhishek Enterprises Limited,REPL.NS
Prakash Pipes Limited,PPL.NS
Pudumjee Paper Products Limited,PDMJEPAPER.NS
Shemaroo Entertainment Limited,SHEMAROO.NS
Shivam Autotech Limited,SHIVAMAUTO.NS
Oswal Agro Mills Limited,OSWALAGRO.NS
Banswara Syntex Limited,BANSWRAS.NS
Praxis Home Retail Limited,PRAXIS.NS
Accuracy Shipping Limited,ACCURACY.NS
Venus Remedies Limited,VENUSREM.NS
Genus Paper & Boaselecteds Limited,GENUSPAPER.NS
Gujarat Sidhee Cement Limited,GSCLCEMENT.NS
Atul Auto Limited,ATULAUTO.NS
Orient Abrasives Limited,ORIENTABRA.NS
CL Educate Limited,CLEDUCATE.NS
Chemfab Alkalis Limited,CHEMFAB.NS
MEP Infrastructure Developers Limited,MEP.NS
SIL Investments Limited,SILINV.NS
BALAXI PHARMACEUTICALS LIMITED,BALAXI.NS
Nupur Recyclers Limited,NRL.NS
Housing Development and Infrastructure Limited,HDIL.NS
Sintex Plastics Technology Limited,SPTL.NS
Pasupati Acrylon Limited,PASUPTAC.NS
Websol Energy System Limited,WEBELSOLAR.NS
Asahi Songwon Colors Limited,ASAHISONG.NS
Aurum PropTech Limited,AURUM.NS
Debock Industries Limited,DIL.NS
Vikas EcoTech Limited,VIKASECO.NS
Maral Overseas Limited,MARALOVER.NS
S Chand And Company Limited,SCHAND.NS
Aditya Birla Money Limited,BIRLAMONEY.NS
Premier Explosives Limited,PREMEXPLN.NS
Hubtown Limited,HUBTOWN.NS
Orbit Exports Limited,ORBTEXP.NS
Royal Orchid Hotels Limited,ROHLTD.NS
Mindteck (India) Limited,MINDTECK.NS
Dangee Dums Limited,DANGEE.NS
Prozone Intu Properties Limited,PROZONINTU.NS
Iris Clothings Limited,IRISDOREME.NS
GKW Limited,GKWLIMITED.NS
Sadbhav Infrastructure Project Limited,SADBHIN.NS
Cupid Limited,CUPID.NS
DIC India Limited,DICIND.NS
Gokul Refoils and Solvent Limited,GOKUL.NS
Poddar Pigments Limited,PODDARMENT.NS
Peninsula Land Limited,PENINLAND.NS
GeeCee Ventures Limited,GEECEE.NS
Dhanlaxmi Bank Limited,DHANBANK.NS
Rohit Ferro-Tech Limited,ROHITFERRO.NS
Krebs Biochemicals and Industries Limited,KREBSBIO.NS
Maheshwari Logistics Limited,MAHESHWARI.NS
BPL Limited,BPL.NS
Hind Rectifiers Limited,HIRECT.NS
Bhartiya International Limited,BIL.NS
Albert David Limited,ALBERTDAVD.NS
Jindal Poly Investment and Finance Company Limited,JPOLYINVST.NS
Inventure Growth & Securities Limited,INVENTURE.NS
Cineline India Limited,CINELINE.NS
Bafna Pharmaceuticals Limited,BAFNAPH.NS
Emkay Taps and Cutting Tools Limited,EMKAYTOOLS.NS
Eros International Media Limited,EROSMEDIA.NS
Birla Tyres Limited,BIRLATYRE.NS
Nakoda Group of Industries Limited,NGIL.NS
Kothari Sugars And Chemicals Limited,KOTARISUG.NS
Salzer Electronics Limited,SALZERELEC.NS
Indo-National Limited,NIPPOBATRY.NS
Penta Gold Limited,PENTAGOLD.NS
Kotyark Industries Limited,KOTYARK.NS
Ruchira Papers Limited,RUCHIRA.NS
Wealth First Portfolio Managers Limited,WEALTH.NS
Euro India Fresh Foods Limited,EIFFL.NS
Selan Exploration Technology Limited,SELAN.NS
AksharChem India Limited,AKSHARCHEM.NS
Prime Securities Limited,PRIMESECU.NS
Manaksia Steels Limited,MANAKSTEEL.NS
KCP Sugar and Industries Corporation Limited,KCPSUGIND.NS
Shree Ram Proteins Limited,SRPL.NS
Intrasoft Technologies Limited,ISFT.NS
Wanbury Limited,WANBURY.NS
Sakuma Exports Limited,SAKUMA.NS
Donear Industries Limited,DONEAR.NS
Dhunseri Tea & Industries Limited,DTIL.NS
Simplex Infrastructures Limited,SIMPLEXINF.NS
Asian Hotels (East) Limited,AHLEAST.NS
Euro Panel Products Limited,EUROBOND.NS
Ashima Limited,ASHIMASYN.NS
Aban Offshore Limited,ABAN.NS
Jindal Photo Limited,JINDALPHOT.NS
K.M.Sugar Mills Limited,KMSUGAR.NS
Jayshree Tea & Industries Limited,JAYSREETEA.NS
PPAP Automotive Limited,PPAP.NS
Future Enterprises Limited,FEL.NS
Goldstone Technologies Limited,GOLDTECH.NS
Shiva Texyarn Limited,SHIVATEX.NS
SECUREKLOUD TECHNOLOGIES LIMITED,SECURKLOUD.NS
Kilitch Drugs (India) Limited,KILITCH.NS
20 Microns Limited,20MICRONS.NS
Kanpur Plastipack Limited,KANPRPLA.NS
Silver Touch Technologies Limited,SILVERTUC.NS
Emkay Global Financial Services Limited,EMKAY.NS
LGB Forge Limited,LGBFORGE.NS
SREI Infrastructure Finance Limited,SREINFRA.NS
Windsor Machines Limited,WINDMACHIN.NS
Almondz Global Securities Limited,ALMONDZ.NS
MBL Infrastructures Limited,MBLINFRA.NS
JITF Infralogistics Limited,JITFINFRA.NS
Mahindra EPC Irrigation Limited,MAHEPC.NS
Synergy Green Industries Limited,SGIL.NS
Hindustan Motors Limited,HINDMOTORS.NS
Aakash Exploration Services Limited,AAKASH.NS
Shree Rama Newsprint Limited,RAMANEWS.NS
Refex Industries Limited,REFEX.NS
Liberty Shoes Limited,LIBERTSHOE.NS
Zodiac Clothing Company Limited,ZODIACLOTH.NS
Siti Networks Limited,SITINET.NS
Star Paper Mills Limited,STARPAPER.NS
Ucal Fuel Systems Limited,UCALFUEL.NS
Apollo Micro Systems Limited,APOLLO.NS
Gujarat Apollo Industries Limited,GUJAPOLLO.NS
Harrisons  Malayalam Limited,HARRMALAYA.NS
Art Nirman Limited,ARTNIRMAN.NS
Bharat Road Network Limited,BRNL.NS
Chembond Chemicals Ltd,CHEMBOND.NS
Mcleod Russel India Limited,MCLEODRUSS.NS
Dynacons Systems & Solutions Limited,DSSL.NS
Sintercom India Limited,SINTERCOM.NS
Ndr Auto Components Limited,NDRAUTO.NS
Sigma Solve Limited,SIGMA.NS
Pioneer Distilleries Limited,PIONDIST.NS
Reliance Naval and Engineering Limited,RNAVAL.NS
Sakar Healthcare Limited,SAKAR.NS
GP Petroleums Limited,GULFPETRO.NS
Indo Tech Transformers Limited,INDOTECH.NS
Inspirisys Solutions Limited,INSPIRISYS.NS
Pansari Developers Limited,PANSARI.NS
Emami Realty Limited,EMAMIREAL.NS
Anmol India Limited,ANMOL.NS
Mold-Tek Technologies Limited,MOLDTECH.NS
Macpower CNC Machines Limited,MACPOWER.NS
One Point One Solutions Limited,ONEPOINT.NS
Airan Limited,AIRAN.NS
GIR Natureview Resorts Limited,GIRRESORTS.NS
Bedmutha Industries Limited,BEDMUTHA.NS
Nila Infrastructures Limited,NILAINFRA.NS
Texmo Pipes and Products Limited,TEXMOPIPES.NS
SORIL Infra Resources Limited,SORILINFRA.NS
Kanani Industries Limited,KANANIIND.NS
GPT Infraprojects Limited,GPTINFRA.NS
T T Limited,TTL.NS
Vipul Limited,VIPULLTD.NS
Modison Metals Limited,MODISNME.NS
Wonder Fibromats Limited,WFL.NS
Apollo Sindoori Hotels Limited,APOLSINHOT.NS
De Nora India Limited,DENORA.NS
Stel Holdings Limited,STEL.NS
SMS Lifesciences India Limited,SMSLIFE.NS
SPML Infra Limited,SPMLINFRA.NS
IL&FS Investment Managers Limited,IVC.NS
Ansal Properties & Infrastructure Limited,ANSALAPI.NS
Rajshree Polypack Limited,RPPL.NS
PIL ITALICA LIFESTYLE LIMITED,PILITA.NS
BEW Engineering Limited,BEWLTD.NS
Shigan Quantum Technologies Limited,SHIGAN.NS
Future Supply Chain Solutions Limited,FSC.NS
Vaidya Sane Ayurved Laboratories Limited,MADHAVBAUG.NS
Revathi Equipment Limited,REVATHI.NS
Autoline Industries Limited,AUTOIND.NS
Raj Television Network Limited,RAJTV.NS
Osia Hyper Retail Limited,OSIAHYPER.NS
Bombay Rayon Fashions Limited,BRFL.NS
Lovable Lingerie Limited,LOVABLE.NS
Career Point Limited,CAREERP.NS
Tembo Global Industries Limited,TEMBO.NS
Astron Paper & Boaselected Mill Limited,ASTRON.NS
Shah Alloys Limited,SHAHALLOYS.NS
Indian Terrain Fashions Limited,INDTERRAIN.NS
Compuage Infocom Limited,COMPINFO.NS
Elgi Rubber Company Limited,ELGIRUBCO.NS
Ponni Sugars (Erode) Limited,PONNIERODE.NS
Alphageo (India) Limited,ALPHAGEO.NS
Par Drugs And Chemicals Limited,PAR.NS
Mazda Limited,MAZDA.NS
GSS Infotech Limited,GSS.NS
Iris Business Services Limited,IRIS.NS
VIP Clothing Limited,VIPCLOTHNG.NS
Ruchi Infrastructure Limited,RUCHINFRA.NS
Walchandnagar Industries Limited,WALCHANNAG.NS
Pashupati Cotspin Limited,PASHUPATI.NS
Capital Trust Limited,CAPTRUST.NS
Alankit Limited,ALANKIT.NS
SPL Industries Limited,SPLIL.NS
Paramount Communications Limited,PARACABLES.NS
Intense Technologies Limited,INTENTECH.NS
Reliance Home Finance Limited,RHFL.NS
GRP Limited,GRPLTD.NS
Setco Automotive Limited,SETCO.NS
TPL Plastech Limited,TPLPLASTEH.NS
Industrial Investment Trust Limited,IITL.NS
Maan Aluminium Limited,MAANALU.NS
Kernex Microsystems (India) Limited,KERNEX.NS
Eimco Elecon (India) Limited,EIMCOELECO.NS
Brooks Laboratories Limited,BROOKS.NS
Superhouse Limited,SUPERHOUSE.NS
Visa Steel Limited,VISASTEEL.NS
Aries Agro Limited,ARIES.NS
Sundaram Multi Pap Limited,SUNDARAM.NS
AJR INFRA AND TOLLING LIMITED,AJRINFRA.NS
Compucom Software Limited,COMPUSOFT.NS
Kirloskar Electric Company Limited,KECL.NS
Veto Switchgears And Cables Limited,VETO.NS
E2E Networks Limited,E2E.NS
GTL Limited,GTL.NS
Modi Rubber Limited,MODIRUBBER.NS
Kakatiya Cement Sugar & Industries Limited,KAKATCEM.NS
Jocil Limited,JOCIL.NS
Aarvi Encon Limited,AARVI.NS
Manaksia Coated Metals & Industries Limited,MANAKCOAT.NS
Indian Caselected Clothing Company Limited,INDIANCAselected.NS
Lasa Supergenerics Limited,LASA.NS
A2Z Infra Engineering Limited,A2ZINFRA.NS
The United Nilgiri Tea Estates Company Limited,UNITEDTEA.NS
Pavna Industries Limited,PAVNAIND.NS
Servotech Power Systems Limited,SERVOTECH.NS
DEEP ENERGY RESOURCES LIMITED,DEEPENR.NS
Hindusthan National Glass & Industries Limited,HINDNATGLS.NS
IL&FS Transportation Networks Limited,IL&FSTRANS.NS
Shreyans Industries Limited,SHREYANIND.NS
Kamat Hotels (I) Limited,KAMATHOTEL.NS
Nitco Limited,NITCO.NS
Golden Tobacco Limited,GOLDENTOBC.NS
North Eastern Carrying Corporation Limited,NECCLTD.NS
Aksh Optifibre Limited,AKSHOPTFBR.NS
Suvidhaa Infoserve Limited,SUVIDHAA.NS
Mangalam Drugs And Organics Limited,MANGALAM.NS
Worth Peripherals Limited,WORTH.NS
SKM Egg Products Export (India) Limited,SKMEGGPROD.NS
Rane Engine Valve Limited,RANEENGINE.NS
Bal Pharma Limited,BALPHARMA.NS
Sakthi Sugars Limited,SAKHTISUG.NS
Premier Polyfilm Limited,PREMIERPOL.NS
Atlanta  Limited,ATLANTA.NS
Jainam Ferro Alloys (I) Limited,JAINAM.NS
Nila Spaces Limited,NILASPACES.NS
Manaksia Aluminium Company Limited,MANAKALUCO.NS
IVP Limited,IVP.NS
Asian Hotels (North) Limited,ASIANHOTNR.NS
Essar Shipping Limited,ESSARSHPNG.NS
DCM  Limited,DCM.NS
Indowind Energy Limited,INDOWIND.NS
Lagnam Spintex Limited,LAGNAM.NS
3selected Rock Multimedia Limited,3selectedROCK.NS
Emmbi Industries Limited,EMMBI.NS
Ice Make Refrigeration Limited,ICEMAKE.NS
R.P.P. Infra Projects Limited,RPPINFRA.NS
Coral India Finance & Housing Limited,CORALFINAC.NS
Shrenik Limited,SHRENIK.NS
Jullundur Motor Agency (Delhi) Limited,JMA.NS
Ballarpur Industries Limited,BALLARPUR.NS
The Byke Hospitality Ltd,BYKE.NS
TRF Limited,TRF.NS
Arrow Greentech Limited,ARROWGREEN.NS
Bharat Gears Limited,BHARATGEAR.NS
Alpa Laboratories Limited,ALPA.NS
Palred Technologies Limited,PALREDTEC.NS
IL&FS Engineering and Construction Company Limited,IL&FSENGG.NS
Dev Information Technology Limited,DEVIT.NS
Electrotherm (India) Limited,ELECTHERM.NS
Gillanders Arbuthnot & Company Limited,GILLANDERS.NS
Bhagyanagar India Limited,BHAGYANGR.NS
Spectrum Electrical Industries Limited,SPECTRUM.NS
Damodar Industries Limited,DAMODARIND.NS
Surana Telecom and Power Limited,SURANAT&P.NS
Murudeshwar Ceramics Limited,MURUDCERA.NS
Noida Toll Bridge Company Limited,NOIDATOLL.NS
Lokesh Machines Limited,LOKESHMACH.NS
Poddar Housing and Development Limited,PODDARHOUS.NS
Generic Engineering Construction and Projects Limited,GENCON.NS
Shiv Aum Steels Limited,SHIVAUM.NS
Aspinwall and Company Limited,ASPINWALL.NS
Umang Dairies Limited,UMANGDAIRY.NS
Sundaram Brake Linings Limited,SUNDRMBRAK.NS
Ravinder Heights Limited,RVHL.NS
Globe Textiles (India) Limited,GLOBE.NS
Ganges Securities Limited,GANGESSECU.NS
JHS Svendgaaselected Laboratories Limited,JHS.NS
Pritika Auto Industries Limited,PRITIKAUTO.NS
Zodiac Energy Limited,ZODIAC.NS
Suryalakshmi Cotton Mills Limited,SURYALAXMI.NS
Maha Rashtra Apex Corporation Limited,MAHAPEXLTD.NS
Indosolar Limited,INDOSOLAR.NS
Ahlada Engineers Limited,AHLADA.NS
Naga Dhunseri Group Limited,NDGL.NS
Sarthak Metals Limited,SMLT.NS
Mahalaxmi Rubtech Limited,MHLXMIRU.NS
Megastar Foods Limited,MEGASTAR.NS
Amj Land Holdings Limited,AMJLAND.NS
Pioneer Embroideries Limited,PIONEEREMB.NS
Ankit Metal & Power Limited,ANKITMETAL.NS
Arvee Laboratories (India) Limited,ARVEE.NS
Cambridge Technology Enterprises Limited,CTE.NS
MITCON Consultancy,MITCON.NS
Country Club Hospitality & Holidays Limited,CCHHL.NS
Vivimed Labs Limited,VIVIMEDLAB.NS
PVP Ventures Limited,PVP.NS
Niraj Cement Structurals Limited,NIRAJ.NS
Vaxtex Cotfab Limited,VCL.NS
United Polyfab Gujarat Limited,UNITEDPOLY.NS
DUDIGITAL GLOBAL LIMITED,DUGLOBAL.NS
TCI Developers Limited,TCIDEVELOP.NS
The Grob Tea Company Limited,GROBTEA.NS
SBC Exports Limited,SBC.NS
Salona Cotspin Limited,SALONA.NS
Imagicaaworld Entertainment Limited,IMAGICAA.NS
RKEC Projects Limited,RKEC.NS
BLB Limited,BLBLIMITED.NS
BSL Limited,BSL.NS
Prajay Engineers Syndicate Limited,PRAENG.NS
Aaron Industries Limited,AARON.NS
Smartlink Holdings Limited,SMARTLINK.NS
DRS Dilip Roadlines Limited,DRSDILIP.NS
Signet Industries Limited,SIGIND.NS
IZMO Limited,IZMO.NS
Fiberweb (India) Limited,FIBERWEB.NS
Lotus Eye Hospital and Institute Limited,LOTUSEYE.NS
Palash Securities Limited,PALASHSECU.NS
B.A.G Films and Media Limited,BAGFILMS.NS
Rajshree Sugars & Chemicals Limited,RAJSREESUG.NS
Bhandari Hosiery Exports Limited,BHANDARI.NS
JBF Industries Limited,JBFIND.NS
Vertoz Advertising Limited,VERTOZ.NS
Akash Infra-Projects Limited,AKASH.NS
Sarveshwar Foods Limited,SARVESHWAR.NS
Mukta Arts Limited,MUKTAARTS.NS
Aarey Drugs & Pharmaceuticals Limited,AAREYDRUGS.NS
ABM International Limited,ABMINTLLTD.NS
Tirupati Forge Limited,TIRUPATIFL.NS
Kapston Services Limited,KAPSTON.NS
Surana Solar Limited,SURANASOL.NS
Softtech Engineers Limited,SOFTTECH.NS
Remsons Industries Limited,REMSONSIND.NS
Bhagyanagar Properties Limited,BHAGYAPROP.NS
Mahamaya Steel Industries Limited,MAHASTEEL.NS
The Motor & General Finance Limited,MOTOGENFIN.NS
Airo Lam limited,AIROLAM.NS
TIL Limited,TIL.NS
Salasar Exteriors and Contour Limited,SECL.NS
Total Transport Systems Limited,TOTAL.NS
Foce India Limited,FOCE.NS
Energy Development Company Limited,ENERGYDEV.NS
AVG Logistics Limited,AVG.NS
Parin Furniture Limited,PARIN.NS
Touchwood Entertainment Limited,TOUCHWOOD.NS
Raj Oil Mills Limited,ROML.NS
INCREDIBLE INDUSTRIES LIMITED,INCREDIBLE.NS
Weizmann Limited,WEIZMANIND.NS
The Peria Karamalai Tea & Produce Company Limited,PKTEA.NS
Pressman Advertising Limited,PRESSMN.NS
Univastu India Limited,UNIVASTU.NS
Welspun Investments and Commercials Limited,WELINV.NS
Indbank Merchant Banking Services Limited,INDBANK.NS
Landmark Property Development Company Limited,LPDC.NS
Goenka Diamond and Jewels Limited,GOENKA.NS
MRO-TEK Realty Limited,MRO-TEK.NS
Biofil Chemicals & Pharmaceuticals Limited,BIOFILCHEM.NS
Simbhaoli Sugars Limited,SIMBHALS.NS
MIC Electronics Limited,MICEL.NS
Solex Energy Limited,SOLEX.NS
STL Global Limited,SGL.NS
Omax Autos Limited,OMAXAUTO.NS
Lambodhara Textiles Limited,LAMBODHARA.NS
Prakash Steelage Limited,PRAKASHSTL.NS
DB (International) Stock Brokers Limited,DBSTOCKBRO.NS
S.E. Power Limited,SEPOWER.NS
Dhruv Consultancy Services Limited,DHRUV.NS
Ausom Enterprise Limited,AUSOMENT.NS
Steel City Securities Limited,STEELCITY.NS
Shiva Mills Limited,SHIVAMILLS.NS
Focus Lighting and Fixtures Limited,FOCUS.NS
AMD Industries Limited,AMDIND.NS
Mcnally Bharat Engineering Company Limited,MBECL.NS
Consolidated Construction Consortium Limited,CCCL.NS
Empyrean Cashews Limited,KRISHIVAL.NS
Shree Vasu Logistics Limited,SVLL.NS
ShreeOswal Seeds And Chemicals Limited,OSWALSEEDS.NS
Seya Industries Limited,SEYAIND.NS
Tokyo Plast International Limited,TOKYOPLAST.NS
V Marc India Limited,VMARCIND.NS
Rolta India Limited,ROLTA.NS
S.A.L. Steel Limited,SALSTEEL.NS
Banka BioLoo Limited,BANKA.NS
Aro Granite Industries Limited,AROGRANITE.NS
Ujaas Energy Limited,UJAAS.NS
Century Extrusions Limited,CENTEXT.NS
Ganga Forging Limited,GANGAFORGE.NS
Sanwaria Consumer Limited,SANWARIA.NS
Alkali Metals Limited,ALKALI.NS
Madhav Copper Limited,MCL.NS
TREJHARA SOLUTIONS LIMITED,TREJHARA.NS
Tarmat Limited,TARMAT.NS
M K Proteins Limited,MKPL.NS
Anik Industries Limited,ANIKINDS.NS
R. S. Software (India) Limited,RSSOFTWARE.NS
Moksh Ornaments Limited,MOKSH.NS
Jet Freight Logistics Limited,JETFREIGHT.NS
Shree Rama Multi-Tech Limited,SHREERAMA.NS
Archidply Industries Limited,ARCHIDPLY.NS
Sumeet Industries Limited,SUMEETINDS.NS
Standaselected Industries Limited,SIL.NS
Cinevista Limited,CINEVISTA.NS
Keynote Financial Services Limited,KEYFINSERV.NS
Morarjee Textiles Limited,MORARJEE.NS
Nitiraj Engineers Limited,NITIRAJ.NS
Sambhaav Media Limited,SAMBHAAV.NS
Delta Manufacturing Limited,DELTAMAGNT.NS
Brand Concepts Limited,BCONCEPTS.NS
Shree Tirupati Balajee FIBC Limited,TIRUPATI.NS
Agri-Tech (India) Limited,AGRITECH.NS
Sonam Clock Limited,SONAMCLOCK.NS
Punj Lloyd Limited,PUNJLLOYD.NS
Hindcon Chemicals Limited,HINDCON.NS
Ambani Organics Limited,AMBANIORG.NS
Global Education Limited,GLOBAL.NS
Vaishali Pharma Limited,VAISHALI.NS
Precision Metaliks Limited,PRECISION.NS
Geekay Wires Limited,GEEKAYWIRE.NS
Mahickra Chemicals Limited,MAHICKRA.NS
Uravi T and Wedge Lamps Limited,URAVI.NS
Sical Logistics Limited,SICAL.NS
Pritish Nandy Communications Limited,PNC.NS
Uttam Galva Steels Limited,UTTAMSTL.NS
Tara Chand Logistic Solutions Limited,TARACHAND.NS
Prolife Industries Limited,PROLIFE.NS
Celebrity Fashions Limited,CELEBRITY.NS
Ajooni Biotech Limited,AJOONI.NS
Hisar Metal Industries Limited,HISARMETAL.NS
Digicontent Limited,DGCONTENT.NS
Priti International Limited,PRITI.NS
NRB Industrial Bearings Limited,NIBL.NS
Kritika Wires Limited,KRITIKA.NS
Supreme Engineering Limited,SUPREMEENG.NS
Sagaselectedeep Alloys Limited,SAGAselectedEEP.NS
Orient Press Limited,ORIENTLTD.NS
Coselecteds Cable Industries Limited,COselectedSCABLE.NS
JAKHARIA FABRIC LIMITED,JAKHARIA.NS
Tainwala Chemical and Plastic (I) Limited,TAINWALCHM.NS
Bombay Metrics Supply Chain Limited,BMETRICS.NS
Excel Realty N Infra Limited,EXCEL.NS
Global Vectra Helicorp Limited,GLOBALVECT.NS
Kalyani Forge Limited,KALYANIFRG.NS
Super Spinning Mills Limited,SUPERSPIN.NS
Lexus Granito (India) Limited,LEXUS.NS
Vinny Overseas Limited,VINNY.NS
AVRO INDIA LIMITED,AVROIND.NS
Banaras Beads Limited,BANARBEADS.NS
Sikko Industries Limited,SIKKO.NS
Omkar Speciality Chemicals Limited,OMKARCHEM.NS
Panache Digilife Limited,PANACHE.NS
Ind-Swift Limited,INDSWFTLTD.NS
Archies Limited,ARCHIES.NS
Vaswani Industries Limited,VASWANI.NS
Malu Paper Mills Limited,MALUPAPER.NS
Beaselectedsell Limited,BEAselectedSELL.NS
Aaa Technologies Limited,AAATECH.NS
SecUR Credentials Limited,SECURCRED.NS
BDR Buildcon Limited,BDR.NS
Hindprakash Industries Limited,HPIL.NS
MT Educare Limited,MTEDUCARE.NS
Nandani Creation Limited,JAIPURKURT.NS
Aurangabad Distillery Limited,AUselectedIS.NS
Mercator Limited,MERCATOR.NS
Aarvee Denims & Exports Limited,AARVEEDEN.NS
Tera Software Limited,TERASOFT.NS
Flexituff Ventures International Limited,FLEXITUFF.NS
Gyscoal Alloys Limited,GAL.NS
HOV Services Limited,HOVS.NS
California Software Company Limited,CALSOFT.NS
Dharani Sugars & Chemicals Limited,DHARSUGAR.NS
Burnpur Cement Limited,BURNPUR.NS
Party Cruisers Limited,PARTYCRUS.NS
ARSS Infrastructure Projects Limited,ARSSINFRA.NS
Vaselectedhman Polytex Limited,VAselectedMNPOLY.NS
ICDS Limited,ICDSLTD.NS
Atal Realtech Limited,ATALREAL.NS
Eastern Silk Industries Limited,EASTSILK.NS
Shradha Infraprojects Limited,SHRADHA.NS
Zenith Exports Limited,ZENITHEXPO.NS
Balkrishna Paper Mills Limited,BALKRISHNA.NS
Marvel Decor Limited,MDL.NS
Network People Services Technologies Limited,NPST.NS
WE WIN LIMITED,WEWIN.NS
KKV Agro Powers Limited,KKVAPOW.NS
Barak Valley Cements Limited,BVCL.NS
Mohini Health & Hygiene Limited,MHHL.NS
DC Infotech and Communication Limited,DCI.NS
Rollatainers Limited,ROLLT.NS
Times Guaranty Limited,TIMESGTY.NS
Marshall Machines Limited,MARSHALL.NS
CMI Limited,CMICABLES.NS
The Western India Plywoods Limited,WIPL.NS
Cyber Media (India) Limited,CYBERMEDIA.NS
Cool Caps Industries Limited,COOLCAPS.NS
ANI Integrated Services Limited,AISL.NS
Visagar Polytex Limited,VIVIDHA.NS
Khfm Hospitality And Facility Management Services Limited,KHFM.NS
Agro Phos India Limited,AGROPHOS.NS
M.R. Organisation Limited,MRO.NS
Madhav Marbles and Granites Limited,MADHAV.NS
Future Market Networks Limited,FMNL.NS
Nagreeka Exports Limited,NAGREEKEXP.NS
Nidan Laboratories and Healthcare Limited,NIDAN.NS
Ambica Agarbathies & Aroma industries Limited,AMBICAAGAR.NS
A B Cotspin India Limited,ABCOTS.NS
LCC Infotech Limited,LCCINFOTEC.NS
Kridhan Infra Limited,KRIDHANINF.NS
Vineet Laboratories Limited,VINEETLAB.NS
Sri Havisha Hospitality and Infrastructure Limited,HAVISHA.NS
Country Condo's Limited,COUNCODOS.NS
Bang Overseas Limited,BANG.NS
Educomp Solutions Limited,EDUCOMP.NS
Libas Consumer Products Limited,LIBAS.NS
Reliable Data Services Limited,RELIABLE.NS
Madhucon Projects Limited,MADHUCON.NS
Magnum Ventures Limited,MAGNUM.NS
Ansal Housing Limited,ANSALHSG.NS
Oil Country Tubular Limited,OILCOUNTUB.NS
Ushanti Colour Chem Limited,UCL.NS
Hilton Metal Forging Limited,HILTON.NS
Jet Knitwears Limited,JETKNIT.NS
Manugraph India Limited,MANUGRAPH.NS
Akg Exim Limited,AKG.NS
ASL Industries Limited,ASLIND.NS
Somi Conveyor Beltings Limited,SOMICONVEY.NS
Shaival Reality Limited,SHAIVAL.NS
Surani Steel Tubes Limited,SURANI.NS
Digjam Limited,DIGJAMLMTD.NS
Swaraj Suiting Limited,SWARAJ.NS
Karma Energy Limited,KARMAENG.NS
Sanginita Chemicals Limited,SANGINITA.NS
HEC Infra Projects Limited,HECPROJECT.NS
Power & Instrumentation (Gujarat) Limited,PIGL.NS
HB Stockholdings Limited,HBSL.NS
Sumit Woods Limited,SUMIT.NS
Giriraj Civil Developers Limited,GIRIRAJ.NS
Milton Industries Limited,MILTON.NS
Crown Lifters Limited,CROWN.NS
Tree House Education & Accessories Limited,TREEHOUSE.NS
Oriental Trimex Limited,ORIENTALTL.NS
Patel Integrated Logistics Limited,PATINTLOG.NS
Setubandhan Infrastructure Limited,SETUINFRA.NS
Cubex Tubings Limited,CUBEXTUB.NS
Rex Pipes And Cables Industries Limited,REXPIPES.NS
The Mandhana Retail Ventures Limited,TMRVL.NS
Supreme Infrastructure India Limited,SUPREMEINF.NS
Laxmi Cotspin Limited,LAXMICOT.NS
S.S. Infrastructure Development Consultants Limited,SSINFRA.NS
Vadivarhe Speciality Chemicals Limited,VSCL.NS
D.K. Enterprises Global Limited,DKEGL.NS
Next Mediaworks Limited,NEXTMEDIA.NS
Kshitij Polyline Limited,KSHITIJPOL.NS
Timescan Logistics (India) Limited,TIMESCAN.NS
Vivo Collaboration Solutions Limited,VIVO.NS
Viji Finance Limited,VIJIFIN.NS
21st Century Management Services Limited,21STCENMGM.NS
Pearl Polymers Limited,PEARLPOLY.NS
Cadsys (India) Limited,CADSYS.NS
Silgo Retail Limited,SILGO.NS
Laxmi Goldorna House Limited,LGHL.NS
Lakshmi Finance & Industrial Corporation Limited,LFIC.NS
Sona Hi Sona Jewellers (Gujarat) Limited,SONAHISONA.NS
Diligent Media Corporation Limited,DNAMEDIA.NS
Mohit Industries Limited,MOHITIND.NS
Infomedia Press Limited,INFOMEDIA.NS
Goldstar Power Limited,GOLDSTAR.NS
Narmada Agrobase Limited,NARMADA.NS
TGB Banquets And Hotels Limited,TGBHOTELS.NS
Ace Integrated Solutions Limited,ACEINTEG.NS
Shanti Overseas (India) Limited,SHANTI.NS
3P Land Holdings Limited,3PLAND.NS
Ascom Leasing & Investments Limited,ASCOM.NS
Latteys Industries Limited,LATTEYS.NS
Archidply Decor Limited,ADL.NS
Tantia Constructions Limited,TANTIACONS.NS
Khandwala Securities Limited,KHANDSE.NS
Zenith Steel Pipes & Industries Limited,ZENITHSTL.NS
Soma Textiles & Industries Limited,SOMATEX.NS
Uniinfo Telecom Services Limited,UNIINFO.NS
Ravi Kumar Distilleries Limited,RKDL.NS
Richa Info Systems Limited,RICHA.NS
Williamson Magor & Company Limited,WILLAMAGOR.NS
Silly Monks Entertainment Limited,SILLYMONKS.NS
Quadpro Ites Limited,QUADPRO.NS
Metalyst Forgings Limited,METALFORGE.NS
Antarctica Limited,ANTGRAPHIC.NS
Jalan Transolutions (India) Limited,JALAN.NS
Globe International Carriers Limited,GICL.NS
Mittal Life Style Limited,MITTAL.NS
Siddhika Coatings Limited,SIDDHIKA.NS
Spentex Industries Limited,SPENTEX.NS
AVSL Industries Limited,AVSL.NS
Adroit Infotech Limited,ADROITINFO.NS
Dynamic Services & Security Limited,DYNAMIC.NS
Ultra Wiring Connectivity System Limited,UWCSL.NS
Radha Madhav Corporation Limited,RMCL.NS
Kavveri Telecom Products Limited,KAVVERITEL.NS
Pulz Electronics Limited,PULZ.NS
Madhya Pradesh Today Media Limited,MPTODAY.NS
Transwarranty Finance Limited,TFL.NS
NK Industries Limited,NKIND.NS
Gujarat Raffia Industries Limited,GUJRAFFIA.NS
Tamilnadu Telecommunication Limited,TNTELE.NS
Bartronics India Limited,BARTRONICS.NS
Ortin Laboratories Limited,ORTINLAB.NS
Tijaria Polypipes Limited,TIJARIA.NS
PBA Infrastructure Limited,PBAINFRA.NS
Bodhi Tree Multimedia Limited,BTML.NS
Keerti Knowledge and Skills Limited,KEERTI.NS
Techindia Nirman Limited,TECHIN.NS
Khaitan (India) Limited,KHAITANLTD.NS
Impex Ferro Tech Limited,IMPEXFERRO.NS
Lypsa Gems & Jewellery Limited,LYPSAGEMS.NS
Bkm Industries Limited,BKMINDST.NS
Thomas Scott (India) Limited,THOMASCOTT.NS
International Constructions Limited,SUBCAPCITY.NS
Onelife Capital Advisors Limited,ONELIFECAP.NS
Premier Limited,PREMIER.NS
Sp Refractories Limited,SPRL.NS
S&S Power Switchgears Limited,S&SPOWER.NS
CMM Infraprojects Limited,CMMIPL.NS
Viceroy Hotels Limited,VICEROY.NS
Alps Industries Limited,ALPSINDUS.NS
A B Infrabuild Limited,ABINFRA.NS
Vera Synthetic Limited,VERA.NS
Kaushalya Infrastructure Development Corporation Limited,KAUSHALYA.NS
Walpar Nutritions Limited,WALPAR.NS
Kalyani Commercials Limited,KALYANI.NS
Bright Solar Limited,BRIGHT.NS
Nagreeka Capital & Infrastructure Limited,NAGREEKCAP.NS
Shubhlaxmi Jewel Art Limited,SHUBHLAXMI.NS
Sanco Industries Limited,SANCO.NS
Usha Martin Education & Solutions Limited,UMESLTD.NS
IMP Powers Limited,INDLMETER.NS
Mask Investments Limited,MASKINVEST.NS
Shyam Telecom Limited,SHYAMTEL.NS
Continental Seeds and Chemicals Limited,CONTI.NS
Innovative Tyres and Tubes Limited,INNOVATIVE.NS
Mindpool Technologies Limited,MINDPOOL.NS
Rajdarshan Industries Limited,ARENTERP.NS
R M Drip and Sprinklers Systems Limited,RMDRIP.NS
Radaan Mediaworks India Limited,RADAAN.NS
Perfect Infraengineers Limited,PERFECT.NS
Dhanuka Realty Limited,DRL.NS
Ahimsa Industries Limited,AHIMSA.NS
Blue Coast Hotels Limited,BLUECOAST.NS
Destiny Logistics & Infra Limited,DESTINY.NS
C & C Constructions Limited,CANDC.NS
A B N Intercorp Limited,ABNINT.NS
Accoselected Synergy Limited,ACCOselected.NS
Felix Industries Limited,FELIX.NS
Gujarat Lease Financing Limited,GLFL.NS
Shri Ram Switchgears Limited,SRIRAM.NS
Creative Eye Limited,CREATIVEYE.NS
Easun Reyrolle Limited,EASUNREYRL.NS
Tarapur Transformers Limited,TARAPUR.NS
SMVD Poly Pack Limited,SMVD.NS
Omfurn India Limited,OMFURN.NS
Norben Tea & Exports Limited,NORBTEAEXP.NS
TCI Finance Limited,TCIFINANCE.NS
Sab Events & Governance Now Media Limited,SABEVENTS.NS
SKS Textiles Limited,SKSTEXTILE.NS
PAE Limited,PAEL.NS
Niraj Ispat Industries Limited,NIRAJISPAT.NS
DCM Financial Services Limited,DCMFINSERV.NS
Lakshmi Precision Screws Limited,LAKPRE.NS
A and M Jumbo Bags Limited,AMJUMBO.NS
Sri Adhikari Brothers Television Network Limited,SABTN.NS
Abhishek Integrations Limited,AILIMITED.NS
Hotel Rugby Limited,HOTELRUGBY.NS
Bhalchandram Clothing Limited,BHALCHANDR.NS
Melstar Information Technologies Limited,MELSTAR.NS
Manav Infra Projects Limited,MANAV.NS
Gretex Industries Limited,GRETEX.NS
Transwind Infrastructures Limited,TRANSWIND.NS
Jain Studios Limited,JAINSTUDIO.NS
Raj Rayon Industries Limited,RAJRILTD.NS
APPLE INC.,AAPL
MICROSOFT CORPORATION,MSFT
ALPHABET INC.,GOOG
"AMAZON.COM, INC.",AMZN
"TESLA, INC.",TSLA
BERKSHIRE HATHAWAY INC.,BRK.A
UNITEDHEALTH GROUP INCORPORATED,UNH
JOHNSON & JOHNSON,JNJ
NVIDIA CORPORATION,NVDA
VISA INC.,V
"Meta Platforms, Inc.",META
EXXON MOBIL CORPORATION,XOM
WALMART INC.,WMT
MASTERCAselected INCORPORATED.,MA
JPMORGAN CHASE & CO.,JPM
THE PROCTER & GAMBLE COMPANY,PG
CHEVRON CORPORATION,CVX
ELI LILLY AND COMPANY,LLY
"THE HOME DEPOT, INC.",HD
PFIZER INC.,PFE
THE COCA-COLA COMPANY,KO
BANK OF AMERICA CORPORATION,BAC
ABBVIE INC.,ABBV
"PEPSICO, INC.",PEP
COSTCO WHOLESALE CORPORATION,COST
THERMO FISHER SCIENTIFIC INC.,TMO
"MERCK & CO., INC.",MRK
Broadcom Inc.,AVGO
DANAHER CORPORATION,DHR
ORACLE CORPORATION,ORCL
MCDONALD'S CORPORATION,MCD
VERIZON COMMUNICATIONS INC.,VZ
ACCENTURE PUBLIC LIMITED COMPANY,ACN
THE WALT DISNEY COMPANY,DIS
ADOBE INC.,ADBE
ABBOTT LABORATORIES,ABT
"CISCO SYSTEMS, INC.",CSCO
"SALESFORCE, INC.",CRM
"NIKE, INC.",NKE
"UNITED PARCEL SERVICE, INC.",UPS
WELLS FARGO & COMPANY,WFC
"NEXTERA ENERGY, INC.",NEE
COMCAST CORPORATION,CMCSA
TEXAS INSTRUMENTS INCORPORATED,TXN
QUALCOMM INCORPORATED,QCOM
BRISTOL-MYERS SQUIBB COMPANY,BMY
"ADVANCED MICRO DEVICES, INC.",AMD
Philip Morris International Inc.,PM
LINDE PUBLIC LIMITED COMPANY,LIN
INTEL CORPORATION,INTC
